Sale_MF,TransactionsDebCashless_Card,Count_MF,Client,Sale_MF_1,Sale_CC,Sale_CL,Revenue_MF,Revenue_CC,Revenue_CL,VolumeCred,VolumeCred_CA,TransactionsCred,TransactionsCred_CA,VolumeDeb,VolumeDeb_CA,VolumeDebCash_Card,VolumeDebCashless_Card,VolumeDeb_PaymentOrder,TransactionsDeb,TransactionsDeb_CA,TransactionsDebCash_Card,TransactionsDebCashless_Card_1,TransactionsDeb_PaymentOrder,Count_CA,Count_SA,Count_MF_1,Count_OVD,Count_CC,Count_CL,ActBal_CA,ActBal_SA,ActBal_MF,ActBal_OVD,ActBal_CC,ActBal_CL,Sex,Age,Tenure
1,34,,1104,1,0,1,0.6996428571428571,0.0,6.25,4778.456428571429,4118.971071428571,40,28,4534.124285714285,4052.7210714285716,1650.0,534.75,1150.2857142857142,102,69,7,34,18,1,,,1.0,1.0,1.0,0.0,,,0.0,1.1785714285714286,120.67607142857142,F,79,213
1,11,,130,1,0,0,0.06714285714285714,0.0,0.0,1922.2571428571428,1339.5464285714286,24,22,1958.1642857142856,1350.2607142857144,185.71428571428572,85.37142857142858,496.0357142857143,45,24,6,11,3,1,,,1.0,,,12.750357142857142,,,681.5203571428572,,,F,60,147
1,7,,880,1,0,0,1.2494642857142857,0.0,0.0,8.143214285714285,8.143214285714285,2,2,42.42857142857143,42.42857142857143,17.857142857142858,24.571428571428573,0.0,9,9,2,7,0,1,,,,,,70.54857142857142,,,,,,F,49,64
1,0,,1500,1,1,1,21.025000000000002,2.3528571428571428,6.571428571428571,0.0007142857142857143,0.0007142857142857143,1,1,0.0,0.0,0.0,0.0,0.0,0,0,0,0,0,1,,,1.0,,,90.45321428571428,,,0.0,,,F,33,15
1,0,3.0,1392,1,0,1,1.674642857142857,0.0,1.75,791.0521428571428,674.6246428571429,7,4,0.0,0.0,0.0,0.0,0.0,0,0,0,0,0,1,1.0,3.0,,,,10.714285714285714,1726.8857142857144,0.0,,,,F,29,152
1,34,,1182,1,0,0,6.997321428571429,0.0,0.0,2450.1746428571428,1928.6564285714285,13,7,2266.7289285714287,1787.4875,89.28571428571429,753.8196428571429,911.2882142857143,53,18,1,34,13,1,,,1.0,1.0,,3044.5989285714286,,,0.0,512.8,,M,47,86
1,2,,683,1,0,0,0.19232142857142856,0.0,0.0,428.57178571428574,428.57178571428574,3,3,437.4789285714286,437.4789285714286,357.14285714285717,78.1575,0.0,7,7,3,2,0,1,,,,,,2052.3625,,,,,,F,55,101
1,0,4.0,1040,1,1,0,1.4324999999999999,5.428571428571429,0.0,2812.756785714286,2800.1885714285713,8,6,804.1739285714285,804.1739285714285,0.0,0.0,192.74535714285713,6,6,0,0,3,1,1.0,4.0,,,,3135.429642857143,15743.120357142858,3678.5714285714284,,,,M,65,14
1,0,1.0,1415,1,1,0,0.49821428571428567,0.32142857142857145,0.0,414.03607142857146,412.50928571428574,4,3,303.0,303.0,107.14285714285714,0.0,193.67857142857142,4,4,1,0,2,1,1.0,1.0,,,,6512.073571428571,18677.399642857144,501.0785714285715,,,,M,67,28
1,0,,1056,1,0,1,10.527142857142858,0.0,12.0,0.021785714285714287,0.021785714285714287,1,1,0.8939285714285715,0.8939285714285715,0.0,0.0,0.0,1,1,0,0,0,1,,,,,,283.60499999999996,,,,,,F,10,159
1,12,,578,1,0,1,10.883571428571429,0.0,9.992500000000001,1145.6192857142858,1145.6192857142858,2,2,1598.8457142857144,1598.8457142857144,567.8571428571429,603.9885714285714,427.0,19,19,2,12,5,1,,,,,,4781.011071428571,,,,,,F,49,92
1,4,3.0,767,1,0,0,0.6869642857142857,0.0,0.0,1944.0467857142855,1942.9014285714286,5,4,3461.066071428572,1471.1553571428572,0.0,81.72678571428571,313.25,13,11,0,4,5,1,2.0,3.0,,,,0.0,8036.430714285714,424.18642857142856,,,,F,58,9
1,7,,1169,1,1,1,2.4619642857142856,5.170357142857143,46.392857142857146,655.2128571428572,655.2128571428572,2,2,691.8535714285715,691.8535714285715,500.0,189.8892857142857,0.0,9,9,1,7,0,1,,,,,,1824.0400000000002,,,,,,F,6,172
1,14,,1413,1,1,0,1.676607142857143,6.964285714285714,0.0,6.4332142857142856,0.004642857142857143,2,1,143.16892857142858,143.16892857142858,0.0,122.91892857142857,20.25,15,15,0,14,1,1,1.0,,,,,237.29607142857142,56187.43392857142,,,,,M,31,52
1,0,,278,1,0,0,6.1883928571428575,0.0,0.0,267.8614285714286,267.8614285714286,3,3,344.25,344.25,0.0,0.0,240.67857142857142,4,4,0,0,3,2,,,,,,272.3232142857143,,,,,,M,36,56
1,0,,1585,1,0,1,3.410892857142857,0.0,16.547857142857143,178.57928571428573,178.57928571428573,5,5,0.0,0.0,0.0,0.0,0.0,0,0,0,0,0,1,,,,,,816.0564285714287,,,,,,F,28,221
1,0,,939,1,0,0,1.5850000000000002,0.0,0.0,171.42964285714285,171.42964285714285,2,2,170.70357142857142,170.70357142857142,0.0,0.0,0.0,2,2,0,0,0,1,,,,,,2181.302142857143,,,,,,M,62,151
1,0,,1338,1,0,0,19.461071428571426,0.0,0.0,0.0010714285714285715,0.0010714285714285715,1,1,0.0,0.0,0.0,0.0,0.0,0,0,0,0,0,1,,,,,,150.81964285714284,,,,,,M,42,61
1,0,,323,1,1,0,0.7625000000000001,4.036785714285714,0.0,768.7171428571429,768.7171428571429,6,6,837.0317857142857,837.0317857142857,785.7142857142857,0.0,47.924642857142864,10,10,7,0,2,1,,,,,,3743.776428571429,,,,,,F,38,63
1,0,,905,1,1,1,1.7610714285714286,0.8928571428571429,13.166785714285714,573.8610714285714,573.8610714285714,2,2,634.8453571428571,634.8453571428571,0.0,0.0,631.4525,2,2,0,0,1,1,,,,,,4899.0482142857145,,,,,,M,37,11
1,2,1.0,547,1,0,0,2.1423214285714285,0.0,0.0,528.9292857142857,526.3135714285714,3,2,325.9857142857143,325.9857142857143,0.0,102.09285714285714,222.82142857142858,11,11,0,2,8,1,1.0,1.0,,,,4446.794642857143,1253.6607142857142,33004.46142857143,,,,F,52,31
1,0,20.0,725,1,0,0,2.5944642857142854,0.0,0.0,1156.5575000000001,1156.5575000000001,6,6,0.0,0.0,0.0,0.0,0.0,0,0,0,0,0,1,,20.0,,,,374.2242857142857,,0.0,,,,F,31,74
1,0,,686,1,1,1,0.6292857142857143,8.392857142857142,18.785714285714285,513.3592857142856,513.3592857142856,3,3,496.73999999999995,496.73999999999995,0.0,0.0,119.21857142857142,7,7,0,0,5,1,,,,,,1146.879642857143,,,,,,M,57,51
1,0,,349,1,0,0,65.70410714285714,0.0,0.0,2.408214285714286,0.0225,2,1,1.9642857142857142,1.9642857142857142,0.0,0.0,0.0,1,1,0,0,0,2,2.0,,,,,247.4267857142857,0.09178571428571428,,,,,M,72,32
1,32,,499,1,0,0,0.5701785714285714,0.0,0.0,485.71535714285716,485.71535714285716,5,5,729.5557142857143,729.5557142857143,35.714285714285715,518.1557142857143,174.43571428571428,37,37,1,32,3,1,,,1.0,,,949.6864285714286,,,97.91107142857143,,,F,53,212
1,20,,777,1,0,1,0.99125,0.0,12.438571428571427,1864.1025000000002,1864.1025000000002,8,8,1372.8700000000001,1372.8700000000001,96.42857142857143,492.6914285714286,780.1785714285714,36,36,3,20,10,1,,,,,,484.5646428571428,,,,,,F,5,22
1,0,,1052,1,1,0,1.5414285714285714,4.286785714285714,0.0,35.714285714285715,35.714285714285715,1,1,0.0,0.0,0.0,0.0,0.0,0,0,0,0,0,1,,,,,,1.2785714285714285,,,,,,M,34,150
1,13,,1537,1,0,1,38.43142857142857,0.0,3.892857142857143,149.89857142857142,149.89857142857142,3,3,466.12857142857143,466.12857142857143,121.42857142857143,181.30714285714288,160.71428571428572,19,19,3,13,1,1,,,,,,224.2932142857143,,,,,,M,29,65
1,32,,182,1,0,0,5.793928571428571,0.0,0.0,606.54,606.54,7,7,962.6625,962.6625,225.0,578.8057142857143,158.8567857142857,43,43,8,32,3,1,,,,,,443.98857142857145,,,,,,M,64,187
1,0,,1143,1,0,0,2.0083928571428573,0.0,0.0,847.8353571428571,847.8353571428571,2,2,260.2857142857143,260.2857142857143,0.0,0.0,257.25,7,7,0,0,6,1,,,,,,4577.445000000001,,,,,,M,53,65
1,13,,1273,1,1,0,0.7771428571428572,5.785714285714286,0.0,1258.2060714285712,1258.2060714285712,4,4,921.7364285714285,921.7364285714285,57.142857142857146,194.5107142857143,666.6899999999999,23,23,2,13,7,1,,,,,,165.95000000000002,,,,,,M,47,161
1,0,,1571,1,1,0,3.45375,4.571428571428571,0.0,0.00035714285714285714,0.00035714285714285714,1,1,2.6785714285714284,2.6785714285714284,0.0,0.0,0.0,2,2,0,0,0,1,,,,,,23635.8,,,,,,M,39,211
1,0,,700,1,0,0,40.67785714285714,0.0,0.0,60.71714285714285,60.71714285714285,2,2,0.8928571428571429,0.8928571428571429,0.0,0.0,0.0,1,1,0,0,0,1,,,,,,345.3353571428571,,,,,,M,34,80
1,0,,890,1,1,0,8.936964285714286,4.25,0.0,1394.6492857142857,1394.6482142857144,5,4,1577.5071428571428,1577.5071428571428,0.0,0.0,1178.5714285714287,4,4,0,0,1,1,1.0,,,,,1024.4442857142856,16727.635357142855,,,,,M,35,22
1,11,,1432,1,0,0,2.260357142857143,0.0,0.0,628.8253571428571,628.8253571428571,5,5,590.4992857142857,590.4992857142857,306.7857142857143,152.00142857142856,125.0,23,23,7,11,3,1,,,,,,273.32785714285717,,,,,,M,35,156
1,20,,287,1,0,0,18.486785714285713,0.0,0.0,541.4475,541.4475,5,5,471.84785714285715,471.84785714285715,0.0,173.45464285714283,296.96464285714285,24,24,0,20,3,1,,,,,,1681.3917857142858,,,,,,M,32,104
1,0,,950,1,0,0,0.6014285714285714,0.0,0.0,218.2932142857143,218.2932142857143,2,2,295.50892857142856,295.50892857142856,0.0,0.0,292.11607142857144,5,5,0,0,4,1,,,,,,41.46035714285715,,,,,,F,26,152
1,8,,167,1,0,0,1.7032142857142856,0.0,0.0,232.86392857142854,232.86392857142854,3,3,170.625,170.625,42.857142857142854,90.73214285714286,37.035714285714285,15,15,3,8,4,1,,,,,,3446.8114285714287,,,,,,M,73,92
1,16,,1484,1,0,1,25.60910714285714,0.0,8.7225,1355.0885714285716,1355.0885714285716,5,5,768.625,768.625,107.14285714285714,302.44642857142856,357.7857142857143,23,23,1,16,5,1,,,,,,0.0,,,,,,M,39,0
1,0,4.0,525,1,1,1,5.942857142857143,2.108214285714286,7.586428571428571,442.7532142857143,442.21964285714284,4,3,881.2857142857143,881.2857142857143,357.14285714285717,0.0,519.75,6,6,1,0,4,1,1.0,4.0,,,,0.3882142857142857,3845.991785714286,31884.509285714284,,,,M,31,54
1,18,,598,1,0,0,0.16357142857142856,0.0,0.0,835.7310714285715,691.8667857142857,14,10,550.9125,485.1660714285714,74.28142857142858,170.6275,95.21428571428571,38,32,4,18,1,2,,,1.0,,,562.2017857142857,,,0.0,,,M,28,123
1,38,,102,1,0,1,2.9580357142857143,0.0,6.9525,4160.701071428572,2840.9796428571426,38,33,4245.904642857143,2803.675714285714,232.14285714285714,786.3367857142857,202.24964285714285,86,58,4,38,6,1,,,1.0,,,48.771071428571425,,,114.14,,,M,20,172
1,1,,1549,1,1,1,0.3682142857142857,2.6792857142857143,133.27535714285713,7446.471428571429,285.80285714285714,10,2,8567.43642857143,8567.338214285714,0.0,84.90964285714286,8477.5,14,9,0,1,6,1,1.0,,,,,1161.5057142857142,57906.44357142857,,,,,M,34,237
1,5,1.0,775,1,0,1,1.9960714285714285,0.0,19.035714285714285,8126.133928571428,3868.279285714286,39,24,8018.566785714285,3906.680714285714,342.85714285714283,203.72678571428574,1166.0475000000001,57,27,2,5,10,2,2.0,1.0,1.0,,1.0,116.17357142857144,3774.253928571429,579084.1078571428,0.0,,277.0864285714286,M,40,151
1,0,,399,1,0,0,0.08750000000000001,0.0,0.0,0.0032142857142857142,0.0032142857142857142,1,1,0.8928571428571429,0.8928571428571429,0.0,0.0,0.0,1,1,0,0,0,1,,,,,,451.7967857142857,,,,,,M,59,152
1,0,3.0,1396,1,1,0,3.0664285714285713,0.21428571428571427,0.0,410.7314285714286,410.7314285714286,2,2,695.9821428571429,695.9821428571429,457.14285714285717,0.0,235.44642857142858,9,9,3,0,5,1,1.0,3.0,1.0,,,4.704642857142857,26270.410357142857,9335.085714285715,0.0,,,M,56,16
1,0,,1212,1,0,0,2.9992857142857146,0.0,0.0,4107.189642857143,4107.189642857143,3,3,337.7107142857143,337.7107142857143,0.0,0.0,0.0,3,3,0,0,0,1,,,1.0,,,8.087142857142856,,,0.0,,,M,32,198
1,1,12.0,42,1,0,0,15.275714285714287,0.0,0.0,643.1878571428571,643.1878571428571,4,4,546.6428571428571,546.6428571428571,178.57142857142858,68.53571428571429,296.07142857142856,9,9,1,1,6,1,,12.0,,,,875.3714285714286,,0.0,,,,M,23,4
1,0,6.0,1383,1,1,0,10.90982142857143,4.642857142857143,0.0,551.6899999999999,548.4903571428571,3,2,753.5357142857143,753.5357142857143,714.2857142857143,0.0,35.714285714285715,5,5,1,0,2,1,1.0,6.0,,,,199.82107142857143,2582.3292857142856,0.0,,,,M,39,26
1,4,6.0,732,1,0,1,3.0301785714285714,0.0,10.214285714285714,329.63892857142855,328.8971428571429,3,2,450.15714285714284,450.15714285714284,0.0,315.90714285714284,129.71428571428572,9,9,0,4,4,3,1.0,6.0,,,,301.15607142857147,347.4171428571429,49993.39928571428,,,,M,43,63
1,0,,718,1,0,0,8.301785714285714,0.0,0.0,1075.4146428571428,826.0521428571428,13,10,873.9603571428571,826.0521428571428,382.14285714285717,0.0,35.714285714285715,24,15,3,0,1,1,,,1.0,,1.0,273.42857142857144,,,215.49,,1057.9571428571428,F,2,13
1,0,,864,1,0,0,30.697321428571428,0.0,0.0,1095.3032142857144,1095.3032142857144,2,2,787.8928571428571,787.8928571428571,785.7142857142857,0.0,0.0,5,5,3,0,0,1,,,1.0,,,23.49607142857143,,,0.0,,,M,31,26
1,11,,872,1,0,0,3.3466071428571427,0.0,0.0,1967.9007142857142,1967.9007142857142,2,2,1650.6210714285714,1650.6210714285714,332.14285714285717,174.37107142857144,1123.3214285714287,29,29,3,11,10,1,,,,,,13775.455,,,,,,F,26,152
1,4,,1247,1,0,0,20.451071428571428,0.0,0.0,628.2882142857143,627.0635714285714,5,4,1012.8739285714286,1012.8739285714286,357.14285714285717,274.5525,375.92857142857144,26,26,1,4,19,1,1.0,,1.0,,,790.3917857142858,0.009642857142857144,,0.0,,,M,61,55
1,27,1.0,1399,1,1,1,27.233749999999997,5.142857142857143,11.178571428571429,1988.6453571428572,1632.6539285714284,14,4,1680.8153571428572,1461.6967857142859,57.142857142857146,136.56392857142856,931.2903571428571,58,21,3,27,8,1,,1.0,,1.0,1.0,0.0,,0.0,,301.11571428571426,5921.967857142858,M,24,151
1,10,,1111,1,0,1,0.8217857142857143,0.0,23.75,1423.4599999999998,1420.7310714285716,4,3,817.3735714285714,817.3735714285714,214.28571428571428,470.695,130.10714285714286,14,14,1,10,2,1,1.0,,,,,65.30785714285715,10105.829642857143,,,,,F,23,145
1,0,,1275,1,0,0,0.9698214285714286,0.0,0.0,0.009642857142857144,0.009642857142857144,1,1,2.531071428571429,2.531071428571429,0.0,0.0,0.0,2,2,0,0,0,1,,,,,,39.791785714285716,,,,,,F,66,84
1,0,,907,1,0,0,2.288392857142857,0.0,0.0,196.43178571428572,196.43178571428572,3,3,97.5,97.5,0.0,0.0,97.5,5,5,0,0,5,1,,,,,,778.5221428571429,,,,,,M,67,193
1,1,,1536,1,0,0,1.375714285714286,0.0,0.0,2011.0849999999998,1494.2214285714285,7,4,2824.1785714285716,2822.75,1946.4285714285713,17.035714285714285,460.35714285714283,25,23,7,1,11,1,,,,1.0,,1009.0710714285715,,,,2.357142857142857,,F,70,63
1,2,4.0,1059,1,0,0,1.3689285714285713,0.0,0.0,1234.1964285714287,876.2532142857143,6,3,925.3249999999999,925.3249999999999,328.57142857142856,94.21785714285714,502.5357142857143,14,14,3,2,9,1,1.0,4.0,,,,819.1517857142857,1816.0475000000001,210.35714285714286,,,,M,34,48
1,0,2.0,1492,1,0,0,0.8155357142857144,0.0,0.0,482.64464285714286,482.64464285714286,2,2,552.3214285714286,552.3214285714286,410.7142857142857,0.0,138.57142857142858,8,8,2,0,5,1,,2.0,,,,6.057857142857143,,9021.25107142857,,,,M,56,200
1,0,,757,1,0,0,9.93982142857143,0.0,0.0,1183.3957142857143,1183.3957142857143,5,5,1117.882142857143,1117.882142857143,535.7142857142857,0.0,363.89285714285717,7,7,2,0,2,1,,,,,,1202.2350000000001,,,,,,F,50,108
1,6,3.0,507,1,0,0,1.7980357142857142,0.0,0.0,1372.6646428571428,1370.8414285714284,7,3,1035.607142857143,1034.1785714285713,103.57142857142857,69.53571428571429,856.75,14,12,1,6,3,1,1.0,3.0,,1.0,,395.4264285714286,4474.939285714286,0.0,,0.7142857142857143,,M,49,150
1,0,2.0,36,1,0,0,0.2380357142857143,0.0,0.0,7155.630357142857,7142.885,4,2,0.0,0.0,0.0,0.0,0.0,0,0,0,0,0,1,1.0,2.0,,,,60.99785714285714,1912.6325,3697.8375,,,,F,49,263
1,8,,1442,1,0,1,8.280714285714286,0.0,15.799999999999999,966.1914285714286,966.1914285714286,2,2,653.5335714285713,653.5335714285713,246.42857142857142,83.81928571428571,320.60714285714283,18,18,5,8,3,1,,,1.0,,,0.00035714285714285714,,,0.0,,,F,26,9
1,0,,132,1,0,0,1.4732142857142858,0.0,0.0,68.40142857142857,0.0,1,0,0.0,0.0,0.0,0.0,0.0,0,0,0,0,0,1,1.0,,,,,79.41857142857143,1259.155,,,,,M,50,53
1,10,,1232,1,1,0,1.825357142857143,6.035714285714286,0.0,1209.542857142857,1209.542857142857,3,3,1338.365,1338.365,321.42857142857144,184.50785714285715,825.2857142857143,22,22,1,10,10,1,,,,,,18.089285714285715,,,,,,M,56,149
1,0,1.0,831,1,0,0,2.024642857142857,0.0,0.0,788.0039285714286,788.0039285714286,3,3,1018.8021428571428,1018.8021428571428,0.0,0.0,1016.5164285714285,6,6,0,0,5,1,,1.0,,,,1440.0525,,0.0,,,,M,47,111
1,28,3.0,1282,1,0,0,1.4230357142857142,0.0,0.0,18929.47535714286,18547.135000000002,11,5,13184.933928571429,12776.785714285714,0.0,402.7910714285714,0.0,35,4,0,28,0,1,,3.0,,1.0,,12164.779285714287,,1909.8492857142858,,-4.464285714285714,,M,23,68
1,0,,122,1,1,0,3.2930357142857143,2.857142857142857,0.0,857.1078571428571,857.1078571428571,3,3,862.4289285714285,862.4289285714285,0.0,0.0,861.7860714285714,5,5,0,0,4,1,,,,,,1392.7667857142858,,,,,,M,39,80
1,0,,127,1,1,1,19.354642857142856,0.07142857142857142,14.071428571428571,32.15,32.15,3,3,52.142857142857146,52.142857142857146,0.0,0.0,52.142857142857146,4,4,0,0,4,1,,,1.0,,,2893.112857142857,,,676.7528571428572,,,F,25,150
1,0,,644,1,1,0,9.13892857142857,4.286785714285714,0.0,0.265,0.0010714285714285715,2,1,1.9642857142857142,1.9642857142857142,0.0,0.0,0.0,1,1,0,0,0,1,1.0,,,,,135.36357142857142,0.16999999999999998,,,,,M,56,20
1,0,,494,1,0,0,4.361785714285714,0.0,0.0,1584.6292857142857,1482.645,4,3,1490.6535714285715,1482.332142857143,564.2857142857143,0.0,515.0357142857143,19,17,3,0,9,1,,,,,1.0,715.6910714285714,,,,,3571.4285714285716,F,58,151
1,0,,935,1,0,0,2.3448214285714286,0.0,0.0,957.4142857142857,643.4035714285714,13,11,977.4142857142857,643.4035714285714,171.42857142857142,0.0,153.71428571428572,21,11,3,0,5,1,,,1.0,,,2430.9746428571425,,,0.0,,,F,46,49
1,26,,1473,1,0,0,4.929642857142857,0.0,0.0,1787.1275,939.1289285714286,14,5,3875.1378571428572,3794.5807142857143,357.14285714285717,444.59749999999997,2076.785714285714,48,38,1,26,11,1,1.0,,,1.0,1.0,29.024285714285714,14447.801428571429,,,653.91,1132.590357142857,M,54,34
1,1,18.0,1087,1,1,0,8.805892857142856,4.357142857142857,0.0,1430.577142857143,1428.5825,3,2,1508.7857142857142,80.21428571428571,0.0,80.21428571428571,0.0,2,1,0,1,0,1,1.0,18.0,,,,0.0,0.0,3687.2599999999998,,,,M,29,34
1,7,,1391,1,0,1,3.349285714285714,0.0,4.25,1002.9814285714285,1002.9814285714285,4,4,584.7878571428571,584.7878571428571,53.57142857142857,170.645,360.57142857142856,12,12,2,7,3,1,,,,,,2221.302857142857,,,,,,M,73,136
1,0,,529,1,1,0,0.9769642857142857,1.7867857142857144,0.0,547.9475,547.1978571428572,4,3,329.2857142857143,329.2857142857143,0.0,0.0,329.07142857142856,4,4,0,0,3,1,1.0,,,,,2014.4267857142856,36183.43357142857,,,,,F,33,61
1,11,2.0,557,1,0,1,0.3964285714285714,0.0,2.380714285714286,1101.9939285714286,910.4160714285715,15,13,1190.8760714285713,947.8539285714286,96.42857142857143,308.2610714285714,349.94357142857143,33,23,6,11,3,1,,2.0,1.0,,,2815.486785714286,,0.0,0.0,,,F,21,151
1,13,17.0,614,1,1,1,83.03803571428571,3.7510714285714286,4.248214285714286,8403.025357142857,8298.769285714287,16,9,9704.470714285713,9485.227499999999,357.14285714285717,341.82321428571424,5161.464285714285,46,33,1,13,24,1,2.0,17.0,1.0,1.0,,0.0,7143.0425000000005,0.0,0.0,0.0,,M,58,28
1,40,,1042,1,1,0,0.9167857142857143,14.5,0.0,1963.2210714285716,1681.1785714285713,35,30,2747.335714285714,2039.0874999999999,164.28571428571428,883.6878571428571,703.1428571428571,96,74,8,40,17,1,,,1.0,,,13648.459642857142,,,0.0,,,M,61,83
1,0,,437,1,0,0,54.330357142857146,0.0,0.0,1900.4896428571428,1900.4896428571428,12,12,3.392857142857143,3.392857142857143,0.0,0.0,0.0,1,1,0,0,0,1,,,,,,3.4274999999999998,,,,,,F,45,58
1,0,,203,1,1,1,0.6416071428571428,16.945357142857144,5.714285714285714,503.57464285714286,503.57464285714286,2,2,556.3928571428571,556.3928571428571,553.5714285714286,0.0,0.0,11,11,6,0,0,1,,,,,,10.772857142857143,,,,,,F,57,181
1,3,,185,1,0,0,1.5453571428571429,0.0,0.0,620.8582142857142,620.8582142857142,3,3,435.8285714285715,435.8285714285715,0.0,73.47142857142856,358.9642857142857,9,9,0,3,5,1,,,,,,5733.328214285714,,,,,,M,24,95
1,13,,648,1,1,0,0.7751785714285714,8.214285714285714,0.0,2443.782857142857,1799.6996428571426,18,4,2560.1585714285716,1928.3075000000001,0.0,698.5185714285715,1271.0685714285714,36,15,0,13,9,1,1.0,,,1.0,,2164.632857142857,14.328214285714285,,,482.97499999999997,,F,7,152
1,12,,1,1,0,0,26.97267857142857,0.0,0.0,1678.9464285714287,1318.6982142857144,25,23,1891.3532142857143,1335.6196428571427,250.0,283.0892857142857,247.60714285714286,50,30,3,12,9,1,,,1.0,,,1333.8028571428572,,,0.0,,,F,51,7
1,0,,1158,1,0,0,1.65625,0.0,0.0,4396.207142857143,4272.805714285714,7,5,6316.8,4945.839999999999,1250.0,0.0,3468.272857142857,21,19,1,0,15,1,1.0,,1.0,,,7.142857142857143,3684.8639285714285,,0.0,,,F,33,0
1,6,4.0,643,1,0,1,32.04017857142857,0.0,15.293571428571429,806.5024999999999,806.5024999999999,2,2,790.1071428571429,790.1071428571429,357.14285714285717,132.46428571428572,296.42857142857144,21,21,6,6,4,1,,4.0,,,,2204.2185714285715,,181931.54714285716,,,,M,57,123
1,0,,604,1,0,0,3.0798214285714285,0.0,0.0,3232.9814285714283,3232.265,6,4,2387.4,2385.9714285714285,0.0,0.0,2132.8214285714284,13,11,0,0,8,1,,,,1.0,,5645.113928571429,,,,1044.1435714285715,,M,47,44
1,25,,1149,1,1,0,1.5114285714285713,2.0010714285714286,0.0,1085.5078571428571,952.4571428571428,15,13,1252.2621428571426,998.7342857142858,0.0,291.49785714285713,258.32142857142856,51,40,0,25,9,1,,,1.0,,,0.0,,,62.7025,,,M,54,172
1,0,1.0,915,1,0,0,3.490535714285714,0.0,0.0,558.9314285714286,558.9314285714286,2,2,664.5357142857143,664.5357142857143,178.57142857142858,0.0,485.10714285714283,10,10,1,0,8,1,,1.0,1.0,,,33.43214285714286,,13680.277142857143,175.59964285714287,,,M,59,180
1,0,,131,1,1,0,3.1389285714285715,4.642857142857143,0.0,23.214285714285715,23.214285714285715,1,1,24.321428571428573,24.321428571428573,0.0,0.0,22.142857142857142,3,3,0,0,2,1,,,,,,898.485,,,,,,M,47,92
1,0,,883,1,0,0,2.2319642857142856,0.0,0.0,354.6435714285714,354.6435714285714,4,4,341.8307142857143,341.8307142857143,257.14285714285717,0.0,82.18785714285715,7,7,2,0,4,1,,,,,,236.21785714285716,,,,,,F,34,67
1,0,19.0,87,1,0,0,3.875178571428571,0.0,0.0,0.00035714285714285714,0.00035714285714285714,1,1,3.392857142857143,3.392857142857143,0.0,0.0,0.0,1,1,0,0,0,1,,19.0,,,,826.4403571428572,,1035.577142857143,,,,M,45,58
1,8,45.0,1329,1,0,1,13.357142857142858,0.0,7.964285714285714,3261.152857142857,3261.152857142857,6,6,2479.685,2479.685,714.2857142857143,131.8642857142857,1628.7492857142859,32,32,3,8,20,1,,45.0,,,,715.9089285714286,,90062.94607142858,,,,F,16,149
1,0,2.0,445,1,0,0,1.368392857142857,0.0,0.0,0.15714285714285717,0.15714285714285717,1,1,0.8928571428571429,0.8928571428571429,0.0,0.0,0.0,1,1,0,0,0,1,,2.0,,,,2.563928571428572,,0.0,,,,M,21,15
1,0,3.0,148,1,0,0,4.234464285714286,0.0,0.0,6043.837857142857,6043.837857142857,6,6,2378.608928571429,2378.608928571429,0.0,0.0,2366.0375,23,23,0,0,21,1,,3.0,,,,132.09857142857143,,5560.714285714285,,,,M,45,42
1,0,5.0,448,1,1,1,1.7108928571428572,213.29285714285714,22.424642857142857,1534.4328571428573,1533.7721428571429,6,5,1372.6339285714287,1372.6339285714287,367.85714285714283,0.0,986.2767857142857,33,33,12,0,9,1,1.0,5.0,1.0,,,39.75107142857143,0.013571428571428571,2989.4539285714286,0.0,,,F,23,159
1,0,,955,1,0,1,13.056785714285713,0.0,5.702142857142857,250.0007142857143,250.0007142857143,2,2,246.52857142857144,246.52857142857144,0.0,0.0,129.64285714285714,6,6,0,0,3,1,,,,,,3131.2239285714286,,,,,,F,19,62
1,0,,178,1,0,0,1.5814285714285714,0.0,0.0,9.494285714285713,0.06535714285714286,2,1,1414.7142857142858,1414.7142857142858,0.0,0.0,1414.7142857142858,4,4,0,0,4,1,1.0,,,,,86.61035714285715,0.11035714285714285,,,,,M,20,46
1,23,,1412,1,0,0,6.795535714285714,0.0,0.0,2288.5075,1855.9489285714285,11,5,1559.5935714285715,691.0121428571429,0.0,863.2242857142857,273.2285714285714,35,9,0,23,7,1,,,,1.0,,5.257142857142857,,,,536.6857142857143,,M,40,149
1,0,4.0,1469,1,1,0,22.7425,0.21428571428571427,0.0,560.1278571428571,555.5128571428571,4,2,0.0,0.0,0.0,0.0,0.0,0,0,0,0,0,1,1.0,4.0,,,,32.54357142857143,9686.63107142857,0.0,,,,F,32,15
1,29,79.0,390,1,0,0,1.3798214285714285,0.0,0.0,1839.9928571428572,1836.7453571428573,6,4,701.9875000000001,701.9875000000001,89.28571428571429,213.9517857142857,397.14285714285717,38,38,2,29,6,1,1.0,79.0,,,,442.34607142857146,0.39571428571428574,5468.865357142858,,,,M,50,67
1,0,,1353,1,0,0,6.714821428571428,0.0,0.0,298.28035714285716,295.92892857142857,6,2,298.5475,296.1903571428571,0.0,0.0,292.85714285714283,7,3,0,0,1,1,,,,1.0,,1257.3753571428572,,,,30.06607142857143,,M,29,83
1,5,,244,1,0,0,9.155357142857143,0.0,0.0,270.3592857142857,270.3592857142857,3,3,402.5571428571429,402.5571428571429,0.0,104.95,292.60714285714283,14,14,0,5,7,1,,,,,,5.642857142857143,,,,,,M,41,162
1,1,,1070,1,0,0,9.376964285714285,0.0,0.0,1513.675,1200.9839285714286,13,11,1550.3957142857143,1200.9839285714286,457.14285714285717,21.400000000000002,408.07142857142856,22,13,2,1,6,2,,,1.0,,,176.8125,,,0.0,,,M,24,97
1,0,3.0,500,1,0,1,5.881964285714285,0.0,10.083214285714286,911.8089285714286,911.0814285714285,3,2,833.5678571428572,833.5678571428572,357.14285714285717,0.0,473.49642857142857,11,11,1,0,9,3,1.0,3.0,,,,1180.6592857142857,10940.430357142857,35627.709642857146,,,,M,30,150
1,15,,512,1,0,0,0.7430357142857142,0.0,0.0,449.8582142857143,449.8582142857143,4,4,571.4214285714286,571.4214285714286,207.14285714285714,190.95714285714286,171.42857142857142,25,25,5,15,2,1,,,,,,825.4510714285715,,,,,,M,38,181
1,1,,222,1,0,1,8.917321428571428,0.0,2.107142857142857,879.9689285714286,879.9689285714286,3,3,815.0714285714286,815.0714285714286,0.0,28.392857142857142,757.1428571428571,14,14,0,1,10,1,,,,,,0.0,,,,,,F,70,68
1,0,,129,1,0,1,28.295535714285712,0.0,6.138928571428571,1062.0342857142857,1062.0342857142857,5,5,1021.6071428571429,1021.6071428571429,678.5714285714286,0.0,343.0357142857143,9,9,2,0,7,1,,,,,,1103.6585714285713,,,,,,M,42,126
1,3,,527,1,0,1,0.656607142857143,0.0,2.6785714285714284,677.6457142857143,677.6457142857143,2,2,773.1285714285714,773.1285714285714,535.7142857142857,32.15,0.0,25,25,12,3,0,1,,,,,,1780.251785714286,,,,,,F,17,22
1,1,,903,1,0,0,4.637857142857143,0.0,0.0,357.1457142857143,357.1457142857143,2,2,132.82142857142858,132.82142857142858,0.0,132.82142857142858,0.0,1,1,0,1,0,1,,,,,,414.7292857142857,,,,,,M,33,181
1,27,,171,1,1,0,6.762142857142857,9.0,0.0,854.5785714285714,854.5785714285714,3,3,967.6146428571428,967.6146428571428,435.7142857142857,347.7575,178.14285714285714,59,59,12,27,9,1,,,,,,4112.732857142857,,,,,,F,22,151
1,0,,632,1,0,1,10.284642857142858,0.0,13.5475,3521.7135714285714,2347.999642857143,21,16,3537.9989285714287,2347.999642857143,142.85714285714286,0.0,957.1428571428571,26,15,2,0,3,2,,,1.0,,,592.0878571428572,,,0.0,,,M,26,173
1,0,,836,1,1,0,3.416607142857143,11.0,0.0,0.00035714285714285714,0.00035714285714285714,1,1,1.9642857142857142,1.9642857142857142,0.0,0.0,0.0,1,1,0,0,0,2,,,,,,920.6767857142858,,,,,,F,27,129
1,0,,510,1,0,0,35.51571428571429,0.0,0.0,16.685,0.00035714285714285714,2,1,0.0,0.0,0.0,0.0,0.0,0,0,0,0,0,1,1.0,,,,,1181.8785714285714,5443.6110714285705,,,,,F,50,188
1,12,,1220,1,0,1,4.910714285714286,0.0,4.251428571428572,1324.3414285714284,966.5921428571429,39,33,1465.7285714285715,1001.2439285714287,371.42857142857144,122.82857142857142,141.21428571428572,73,40,12,12,4,1,1.0,,1.0,1.0,,1242.6432142857143,26851.724642857145,,493.2075,1.4285714285714286,,M,28,53
1,0,,372,1,1,1,24.545892857142857,1.7867857142857144,17.214285714285715,178.5725,178.5725,2,2,119.82142857142857,119.82142857142857,117.85714285714286,0.0,0.0,4,4,3,0,0,1,2.0,,,,,21493.719642857144,6884.011785714285,,,,,F,39,172
1,7,,875,1,0,0,0.28232142857142856,0.0,0.0,362.8582142857143,362.8582142857143,3,3,362.0364285714286,362.0364285714286,217.85714285714286,50.28642857142857,92.46428571428571,19,19,7,7,4,1,,,,,,50.341071428571425,,,,,,M,43,124
1,0,1.0,927,1,1,0,9.385714285714286,3.5692857142857144,0.0,3469.452142857143,3457.1589285714285,8,6,1198.857857142857,1198.857857142857,0.0,0.0,1198.857857142857,8,8,0,0,8,1,1.0,1.0,,,,1897.8360714285716,3104.5839285714287,3904.851785714286,,,,F,41,217
1,1,,533,1,0,0,0.4473214285714286,0.0,0.0,7.143928571428572,7.143928571428572,2,2,8.642857142857142,8.642857142857142,3.5714285714285716,4.607142857142857,0.0,3,3,1,1,0,1,,,,,,50.0,,,,,,F,63,27
1,0,3.0,1033,1,0,1,1.1291071428571429,0.0,2.7025,2.5767857142857147,0.008928571428571428,4,1,1.3225,0.8928571428571429,0.0,0.0,0.0,2,1,0,0,0,1,1.0,3.0,,,,193.5725,10743.74142857143,0.0,,,,M,23,188
1,0,,675,1,0,0,0.01767857142857143,0.0,0.0,6104.855357142857,6104.855357142857,3,3,1702.0714285714287,1702.0714285714287,267.85714285714283,0.0,1428.5714285714287,10,10,3,0,1,1,,,,,,27.865000000000002,,,,,,F,36,131
1,21,,416,1,0,0,10.363035714285715,0.0,0.0,5704.231785714285,5704.231785714285,5,5,185.39285714285714,185.39285714285714,28.571428571428573,156.82142857142858,0.0,25,25,4,21,0,1,,,,,,906.5260714285714,,,,,,F,44,95
1,0,,27,1,0,0,220.4882142857143,0.0,0.0,10491.710714285715,10134.567857142858,4,3,425.0,67.85714285714286,0.0,0.0,0.0,2,1,0,0,0,1,,,1.0,,,1649.98,,,0.0,,,M,62,181
1,5,,1470,1,0,1,2.794107142857143,0.0,4.25,1295.3835714285713,1295.3314285714284,8,7,1296.675,1296.675,0.0,155.55214285714285,1137.3014285714285,18,18,0,5,12,2,1.0,,1.0,,,0.0,3250.753928571429,,0.0,,,M,33,175
1,7,,292,1,0,0,0.64125,0.0,0.0,1971.4303571428572,1971.4303571428572,3,3,2370.030357142857,2370.030357142857,32.142857142857146,150.13750000000002,2187.75,13,13,1,7,5,1,,,,,,1602.5182142857143,,,,,,M,36,5
1,0,,944,1,0,0,15.77892857142857,0.0,0.0,0.00035714285714285714,0.00035714285714285714,1,1,0.0,0.0,0.0,0.0,0.0,0,0,0,0,0,1,,,,,,764.6896428571429,,,,,,M,43,149
1,0,,770,1,0,0,1.595357142857143,0.0,0.0,413.43,413.43,3,3,408.32142857142856,408.32142857142856,196.42857142857142,0.0,209.71428571428572,3,3,1,0,1,1,,,,,,1.4082142857142856,,,,,,M,37,80
1,14,,1564,1,0,1,9.290178571428571,0.0,6.928571428571429,679.6060714285715,519.1135714285714,23,18,701.6596428571429,506.0028571428571,139.28571428571428,122.08178571428572,83.92857142857143,41,27,6,14,1,1,,,1.0,,,45.097857142857144,,,531.6296428571428,,,F,29,175
1,6,25.0,187,1,0,1,2.7010714285714283,0.0,15.75,1531.1332142857143,1518.6160714285713,6,4,762.4703571428571,762.4703571428571,160.71428571428572,140.48214285714286,302.9596428571429,24,24,3,6,10,1,1.0,25.0,,,,923.9675,456.4010714285714,0.0,,,,M,55,164
1,10,,69,1,0,0,42.71660714285714,0.0,0.0,3851.0192857142856,3851.0192857142856,3,3,988.4967857142857,988.4967857142857,135.71428571428572,199.08214285714286,653.7003571428571,21,21,2,10,9,1,,,,,,1909.81,,,,,,M,41,17
1,29,,556,1,0,0,4.179285714285714,0.0,0.0,1500.0057142857145,1500.0057142857145,6,6,1355.9464285714287,1355.9464285714287,35.714285714285715,584.4107142857143,732.4285714285714,38,38,1,29,7,1,,,,,,227.26214285714286,,,,,,M,39,160
1,0,,477,1,0,1,22.098214285714285,0.0,4.214285714285714,59.03642857142857,59.03642857142857,2,2,90.25,90.25,0.0,0.0,90.25,2,2,0,0,2,2,2.0,,,,,5419.339999999999,7352.996785714286,,,,,M,32,152
1,26,,143,1,0,1,5.416428571428571,0.0,2.4107142857142856,19775.640000000003,18347.068571428572,10,9,18181.79357142857,16753.222142857143,71.42857142857143,1309.9007142857142,15311.785714285714,50,49,2,26,15,1,,,,1.0,,0.0,,,,853.2671428571429,,F,66,18
1,2,,1292,1,0,1,1.0275,0.0,17.676785714285714,25.019642857142856,25.019642857142856,2,2,2178.3535714285713,2178.3535714285713,14.285714285714286,20.139285714285712,2142.8571428571427,6,6,2,2,1,1,,,,,,244.81642857142856,,,,,,F,47,151
1,3,,591,1,1,0,0.5228571428571429,1.7867857142857144,0.0,86.41857142857143,84.39678571428571,7,6,161.6507142857143,77.25392857142857,35.714285714285715,34.732142857142854,3.5357142857142856,13,7,1,3,1,1,,,1.0,,,0.0,,,0.0,,,F,36,150
1,0,,952,1,1,0,1.1898214285714286,4.285714285714286,0.0,203.8225,148.1242857142857,5,4,223.39285714285714,219.42857142857142,142.85714285714286,0.0,7.142857142857143,7,5,1,0,1,1,,,,,1.0,72.4042857142857,,,,,1447.7096428571429,F,71,165
1,26,1.0,1230,1,0,0,1.5474999999999999,0.0,0.0,1845.285,1839.472857142857,31,26,2988.16,2061.4757142857143,275.0,754.9767857142857,1011.3167857142856,86,59,6,26,20,1,,1.0,1.0,1.0,,3.1092857142857144,,9198.638214285715,0.0,382.2635714285714,,F,45,20
1,6,35.0,75,1,0,0,0.004821428571428572,0.0,0.0,503.6742857142857,496.2525,5,2,511.2857142857143,511.2857142857143,53.57142857142857,188.67857142857142,266.5357142857143,13,13,1,6,5,1,1.0,35.0,,,,3707.065714285714,5589.0225,4392.478571428571,,,,M,59,57
1,0,7.0,1258,1,0,0,0.1467857142857143,0.0,0.0,682.8703571428571,669.5614285714286,16,12,1148.0271428571427,996.717857142857,428.57142857142856,0.0,554.8403571428572,20,15,4,0,8,1,1.0,7.0,1.0,,,147.04892857142858,357.92214285714283,0.0,0.0,,,M,63,48
1,17,,1450,1,0,0,3.89875,0.0,0.0,125.00107142857144,125.00107142857144,2,2,279.8857142857143,279.8857142857143,32.142857142857146,247.74285714285716,0.0,18,18,1,17,0,1,,,,,,83.72214285714286,,,,,,M,41,66
1,29,,1317,1,0,0,5.987678571428572,0.0,0.0,1077.4371428571428,1077.4371428571428,6,6,743.3117857142857,743.3117857142857,178.57142857142858,471.5260714285714,89.82142857142857,35,35,2,29,3,1,,,,,,435.1732142857143,,,,,,F,39,176
1,27,,693,1,0,1,0.21357142857142858,0.0,17.107142857142858,1581.5092857142859,1581.5092857142859,5,5,1457.8482142857142,1457.8482142857142,292.85714285714283,443.3125,712.5357142857143,65,65,10,27,21,1,,,1.0,,,2889.781785714286,,,0.0,,,F,15,54
1,26,,1018,1,0,0,2.641785714285714,0.0,0.0,1703.3514285714284,1593.9664285714284,6,5,2107.729642857143,2096.1225,1332.142857142857,584.8446428571428,54.32142857142857,38,37,6,26,2,1,,,,,1.0,1400.9367857142859,,,,,1278.5925,M,36,51
1,0,,1400,1,0,0,4.6571428571428575,0.0,0.0,42.865,42.865,3,3,73.81071428571428,73.81071428571428,60.714285714285715,0.0,10.703571428571427,3,3,1,0,1,1,,,,,,252.79571428571427,,,,,,M,40,39
1,9,,611,1,0,1,17.25375,0.0,10.386785714285713,4093.2264285714286,2704.8742857142856,23,17,4105.4628571428575,2704.8742857142856,0.0,165.99428571428572,452.67857142857144,36,21,0,9,3,1,,,1.0,,1.0,943.8375,,,0.0,,2515.4192857142857,M,35,181
1,0,1.0,673,1,0,1,24.135892857142856,0.0,12.508571428571429,372.6653571428571,369.8314285714286,8,3,438.57142857142856,436.2142857142857,357.14285714285717,0.0,74.28571428571429,13,9,2,0,5,1,2.0,1.0,1.0,1.0,,2588.8382142857145,16144.002142857144,733.0685714285713,8.445,1.1785714285714286,,M,73,116
1,4,,1552,1,0,0,6.901071428571428,0.0,0.0,500.0017857142857,500.0017857142857,2,2,493.1217857142857,493.1217857142857,0.0,306.3360714285714,183.39285714285714,9,9,0,4,4,1,,,,,,1771.4667857142856,,,,,,M,50,89
1,60,,1496,1,0,0,5.77125,0.0,0.0,16998.319642857143,16282.312142857143,11,5,15672.702857142856,14746.005714285713,596.4285714285714,936.6075,13419.370357142858,84,22,3,60,15,1,,,,1.0,,3574.404642857143,,,,-8.283214285714285,,F,28,103
1,3,,1029,1,1,0,1.217142857142857,9.785714285714286,0.0,643.5892857142857,643.5892857142857,2,2,272.44642857142856,272.44642857142856,0.0,167.125,98.17857142857143,6,6,0,3,2,1,,,1.0,,,2.914285714285714,,,924.8914285714285,,,M,68,135
1,10,,43,1,1,0,73.04178571428572,1.9642857142857142,0.0,2230.964285714286,1716.5910714285715,22,18,2242.764642857143,1812.1853571428571,410.7142857142857,334.59785714285715,551.6428571428571,51,37,7,10,13,1,,,1.0,,,26315.770357142854,,,0.0,,,F,65,83
1,19,,1502,1,0,1,34.01660714285715,0.0,5.3689285714285715,1280.1060714285716,901.0057142857142,9,3,1340.8853571428572,1101.5353571428573,214.28571428571428,290.2785714285714,436.0357142857143,34,16,3,19,5,1,,,1.0,1.0,,711.0532142857144,,,558.3321428571428,408.36892857142857,,M,17,34
1,3,,1175,1,1,1,7.892857142857143,5.179642857142857,12.785714285714286,527.9296428571429,527.9296428571429,3,3,887.8178571428572,887.8178571428572,635.7142857142857,27.103571428571428,221.42857142857142,14,14,7,3,3,1,,,,,,25428.11142857143,,,,,,F,21,233
1,1,,1055,1,0,0,0.5164285714285715,0.0,0.0,7913.398571428572,7913.398571428572,5,5,1027.4178571428572,1027.4178571428572,428.57142857142856,11.678571428571429,213.53571428571428,12,12,3,1,4,1,,,,,,838.6396428571428,,,,,,M,21,10
1,0,,1206,1,0,0,22.165892857142858,0.0,0.0,1580.435714285714,1580.435714285714,4,4,714.2857142857143,714.2857142857143,714.2857142857143,0.0,0.0,3,3,3,0,0,1,,,,,,79.51178571428571,,,,,,F,51,68
1,12,,502,1,0,0,6.042321428571428,0.0,0.0,1108.3325,1001.6996428571429,12,10,1366.9739285714284,1170.9542857142858,250.0,168.69071428571428,642.2378571428571,35,28,2,12,11,1,,,1.0,,,950.4725,,,0.0,,,F,69,192
1,12,,1613,1,0,0,2.0885714285714285,0.0,0.0,1370.3625,1370.3625,4,4,1283.5189285714284,1283.5189285714284,142.85714285714286,144.0225,353.0,25,25,2,12,8,1,,,,,,676.0085714285715,,,,,,M,46,45
1,4,,1302,1,1,0,10.126428571428573,0.42857142857142855,0.0,16.9525,0.011785714285714287,3,1,1470.8103571428571,1113.6675,0.0,238.67035714285717,822.1071428571429,9,8,0,4,2,1,1.0,,,,,35.83464285714286,1888.0625,,,,,M,66,69
1,6,,310,1,0,0,56.13982142857143,0.0,0.0,252.27428571428572,252.27428571428572,3,3,449.3639285714286,449.3639285714286,357.14285714285717,70.97107142857143,17.857142857142858,11,11,3,6,1,1,,,,,,0.0,,,,,,F,45,149
1,8,,735,1,0,0,4.37375,0.0,0.0,326.2867857142857,326.2867857142857,6,6,339.9357142857143,339.9357142857143,214.28571428571428,104.75714285714285,16.5,20,20,6,8,1,1,,,,,,188.99464285714288,,,,,,M,23,53
1,0,1.0,1411,1,0,0,0.7996428571428572,0.0,0.0,0.003928571428571429,0.003928571428571429,1,1,0.0,0.0,0.0,0.0,0.0,0,0,0,0,0,1,,1.0,,,,2223.1285714285714,,11342.545714285716,,,,M,32,40
1,0,2.0,1135,1,0,0,6.136428571428572,0.0,0.0,5500.921785714286,5499.166785714287,13,10,526.2142857142857,526.2142857142857,267.85714285714283,0.0,244.60714285714286,8,8,1,0,5,1,1.0,2.0,1.0,,,2253.8857142857146,405.61428571428576,0.0,166.20714285714286,,,F,67,27
1,0,6.0,1337,1,0,0,3.9001785714285715,0.0,0.0,1665.1107142857143,1654.392142857143,7,6,1297.24,1297.24,0.0,0.0,1297.24,7,7,0,0,7,1,1.0,6.0,,,,0.0,3930.255,3644.262142857143,,,,F,65,175
1,0,,1166,1,0,0,0.3198214285714286,0.0,0.0,1142.8625,1142.8625,4,4,692.1785714285714,692.1785714285714,0.0,0.0,688.5714285714286,13,13,0,0,12,1,,,,,,1780.152857142857,,,,,,F,77,79
1,1,,973,1,0,0,0.6864285714285714,0.0,0.0,0.0010714285714285715,0.0010714285714285715,1,1,23.142857142857142,23.142857142857142,0.0,23.142857142857142,0.0,1,1,0,1,0,1,,,,,,1633.8282142857145,,,,,,F,39,105
1,23,,1315,1,0,0,2.7246428571428574,0.0,0.0,2233.345714285714,1559.9346428571428,12,4,2605.815,2021.1160714285713,535.7142857142857,579.3417857142857,1422.9171428571428,43,17,3,23,11,1,,,1.0,1.0,1.0,2926.4828571428575,,,289.63357142857143,0.7142857142857143,2475.792857142857,F,40,88
1,0,,398,1,0,0,0.9701785714285714,0.0,0.0,6.915357142857142,0.005714285714285714,2,1,23.678571428571427,23.678571428571427,0.0,0.0,20.785714285714285,3,3,0,0,1,2,1.0,,,,,3692.966785714286,23.599285714285713,,,,,F,56,30
1,1,,608,1,0,1,3.20375,0.0,7.753928571428572,460.9189285714286,459.8367857142857,4,3,460.6210714285714,460.6210714285714,321.42857142857144,35.97821428571429,100.92857142857143,8,8,2,1,4,1,1.0,,,,,347.36571428571426,29191.295000000002,,,,,M,35,157
1,3,,901,1,0,0,0.14482142857142857,0.0,0.0,1153.4210714285714,1079.0414285714285,15,8,1679.3971428571429,1405.4782142857143,203.57142857142858,26.785714285714285,1038.642857142857,29,18,3,3,5,1,,,1.0,1.0,1.0,153.9807142857143,,,803.7907142857142,983.7857142857143,9501.474642857142,F,41,52
1,30,,615,1,0,0,2.8075,0.0,0.0,1627.3757142857141,1627.3757142857141,3,3,2374.148214285714,2374.148214285714,989.2857142857143,963.8267857142857,416.85714285714283,49,49,3,30,13,1,,,,,,2509.531428571429,,,,,,M,34,132
1,15,1.0,319,1,0,0,5.415,0.0,0.0,2703.6378571428572,2694.6703571428575,12,9,1571.9482142857144,1571.9482142857144,414.2857142857143,196.01964285714286,476.89285714285717,32,32,4,15,11,2,1.0,1.0,1.0,,,6808.313571428572,29032.549642857142,696.8657142857144,136.04035714285715,,,M,40,150
1,27,,790,1,0,0,6.080178571428571,0.0,0.0,1691.19,1691.19,5,5,1286.8228571428572,1286.8228571428572,214.28571428571428,548.0828571428572,521.0614285714286,39,39,3,27,8,1,,,1.0,,,4.027142857142858,,,0.0,,,M,30,122
1,24,5.0,1277,1,1,0,4.704821428571429,2.857142857142857,0.0,5998.368928571428,5357.943214285714,10,4,3152.7410714285716,2346.6789285714285,607.1428571428571,831.8835714285715,523.1324999999999,44,20,4,24,10,1,1.0,5.0,,1.0,,7.361071428571429,3230.0964285714285,0.0,,1.4285714285714286,,M,21,19
1,0,,792,1,0,1,52.61821428571428,0.0,16.2475,920.8057142857143,920.8057142857143,2,2,1475.0907142857143,1475.0907142857143,0.0,0.0,0.0,2,2,0,0,0,1,,,,,,9.3025,,,,,,M,84,151
1,2,,639,1,1,1,11.376428571428573,1.3214285714285714,11.571428571428571,714.3896428571428,714.3896428571428,2,2,667.6071428571429,667.6071428571429,357.14285714285717,310.4642857142857,0.0,3,3,1,2,0,1,,,,,,736.9435714285713,,,,,,F,81,234
1,0,,1264,1,0,0,36.82660714285714,0.0,0.0,357.1439285714286,357.1439285714286,2,2,323.60714285714283,323.60714285714283,0.0,0.0,320.2142857142857,7,7,0,0,6,1,,,,,,12992.510714285714,,,,,,M,77,28
1,0,,86,1,0,0,1.4573214285714287,0.0,0.0,9319.197142857143,9319.197142857143,4,4,1086.5821428571428,1086.5821428571428,460.7142857142857,0.0,203.67857142857142,15,15,6,0,5,1,,,,,,34.32214285714286,,,,,,M,36,31
1,0,13.0,294,1,0,0,10.098749999999999,0.0,0.0,1268.7489285714287,1264.4696428571428,4,3,1161.3214285714287,1161.3214285714287,535.7142857142857,0.0,623.3214285714286,7,7,1,0,5,1,1.0,13.0,,,,13.181785714285713,18834.435,0.0,,,,F,54,101
1,4,,801,1,1,0,51.965535714285714,3.9285714285714284,0.0,0.0007142857142857143,0.0007142857142857143,1,1,305.575,305.575,57.142857142857146,211.28928571428574,35.714285714285715,9,9,3,4,1,1,,,,,,28.571428571428573,,,,,,F,44,24
1,0,,209,1,0,0,0.26071428571428573,0.0,0.0,178.5725,178.5725,2,2,175.21428571428572,175.21428571428572,0.0,0.0,172.82142857142858,3,3,0,0,2,1,,,,,,6833.382857142858,,,,,,M,70,16
1,1,,977,1,0,0,1.4296428571428572,0.0,0.0,71.42857142857143,71.42857142857143,1,1,76.10357142857143,76.10357142857143,75.0,1.0678571428571428,0.03571428571428571,4,4,2,1,1,1,,,,,,2639.308571428571,,,,,,M,46,59
1,0,26.0,1091,1,0,1,4.910714285714286,0.0,10.107142857142858,6273.769285714286,6271.618571428572,5,4,2366.9285714285716,2366.9285714285716,2142.8571428571427,0.0,222.53571428571428,7,7,2,0,2,1,1.0,26.0,,,,7.107142857142857,0.008928571428571428,0.0,,,,F,42,174
1,3,,1011,1,0,0,2.0053571428571426,0.0,0.0,339.07321428571424,339.07321428571424,2,2,305.7264285714286,305.7264285714286,214.28571428571428,26.369285714285716,61.857142857142854,9,9,2,3,2,1,,,,,,358.84464285714284,,,,,,F,38,50
1,15,64.0,544,1,0,1,0.059821428571428574,0.0,17.785714285714285,1226.2267857142856,1226.2267857142856,5,5,804.9799999999999,804.9799999999999,278.57142857142856,451.81857142857143,72.73285714285714,24,24,1,15,6,1,,64.0,,,,4808.271071428571,,32990.446071428574,,,,M,5,113
1,20,,911,1,0,1,1.269642857142857,0.0,1.0714285714285714,1353.2367857142856,1353.2367857142856,4,4,2878.437142857143,2878.437142857143,696.4285714285714,644.1871428571429,1533.107142857143,40,40,3,20,15,1,,,1.0,,,3.257142857142857,,,0.0,,,F,22,30
1,33,3.0,34,1,0,0,0.6010714285714285,0.0,0.0,18889.293928571427,18134.3675,11,4,8458.406428571428,7683.438214285714,1107.142857142857,844.5753571428571,5775.094285714286,54,19,6,33,11,1,1.0,3.0,1.0,1.0,,188.60857142857142,1343.2589285714287,0.0,0.0,728.6689285714285,,F,48,104
1,23,,1514,1,0,1,5.40125,0.0,13.516071428571427,721.4407142857143,721.4407142857143,2,2,517.9628571428572,517.9628571428572,0.0,517.9628571428572,0.0,23,23,0,23,0,1,,,,,,31.175,,,,,,F,38,171
1,25,,339,1,0,0,8.502857142857144,0.0,0.0,339.2864285714286,339.2864285714286,2,2,350.3075,350.3075,46.42857142857143,303.8789285714286,0.0,29,29,4,25,0,1,,,,,,490.93142857142857,,,,,,M,16,60
1,3,,747,1,0,1,0.25,0.0,3.892857142857143,1322.7310714285716,1322.7192857142857,18,17,1270.2,1243.0249999999999,535.7142857142857,75.90607142857142,624.4285714285714,36,33,3,3,24,1,,,1.0,,,43.13,,,1459.457142857143,,,M,31,20
1,0,1.0,1408,1,1,0,1.6635714285714285,5.357142857142857,0.0,2.5942857142857143,0.003928571428571429,2,1,1.9642857142857142,1.9642857142857142,0.0,0.0,0.0,1,1,0,0,0,1,1.0,1.0,,,,31792.100714285712,12620.789999999999,0.0,,,,F,23,122
1,12,3.0,993,1,0,0,0.27464285714285713,0.0,0.0,2443.7292857142857,2437.029285714286,7,6,3551.0107142857146,3551.0107142857146,0.0,438.80321428571426,3108.8146428571426,25,25,0,12,12,1,1.0,3.0,,,,2.045,5401.167142857143,0.0,,,,F,19,38
1,8,,1085,1,0,0,3.7639285714285715,0.0,0.0,4011.999642857143,2849.8675,19,15,3684.0732142857146,2489.4925,850.0,310.67535714285714,134.28571428571428,34,21,4,8,4,1,,,1.0,,1.0,0.5360714285714285,,,0.0,,1384.7114285714285,M,32,103
