iteration_id,feature_name,feature_importance,explained_variance,feature_importance_rank
58,num__VolumeCred,0.06798283010721207,0.06798283010721207,3
58,num__VolumeCred_CA,0.0842837542295456,0.0842837542295456,26
58,num__TransactionsCred,0.10543905198574066,0.10543905198574066,2
58,num__TransactionsCred_CA,0.0,0.0,7
58,num__VolumeDeb,0.0826662927865982,0.0826662927865982,5
58,num__VolumeDeb_CA,0.047122515738010406,0.047122515738010406,24
58,num__VolumeDebCash_Card,0.0832914486527443,0.0832914486527443,18
58,num__VolumeDebCashless_Card,0.046306271106004715,0.046306271106004715,9
58,num__VolumeDeb_PaymentOrder,0.06904557347297668,0.06904557347297668,1
58,num__TransactionsDeb,0.04650077223777771,0.04650077223777771,11
58,num__TransactionsDeb_CA,0.0660354420542717,0.0660354420542717,12
58,num__TransactionsDebCash_Card,0.058736592531204224,0.058736592531204224,6
58,num__TransactionsDebCashless_Card,0.0,0.0,10
58,num__TransactionsDeb_PaymentOrder,0.0,0.0,8
58,num__Count_CA,0.0,0.0,23
58,num__Count_SA,0.0,0.0,22
58,num__Count_MF,0.0,0.0,21
58,num__Count_OVD,0.07517629116773605,0.07517629116773605,25
58,num__Count_CC,0.0,0.0,20
58,num__Count_CL,0.0,0.0,14
58,num__ActBal_SA,0.0,0.0,17
58,num__ActBal_MF,0.0,0.0,16
58,num__ActBal_OVD,0.0,0.0,15
58,num__ActBal_CC,0.07620561867952347,0.07620561867952347,27
58,num__ActBal_CL,0.0,0.0,13
58,num__Age,0.09120754152536392,0.09120754152536392,4
58,num__Tenure,0.0,0.0,19
58,cat__Sex_M,0.0,0.0,28
48,num__VolumeCred,0.04785022884607315,0.047850221395492554,10
48,num__VolumeCred_CA,0.0,0.0,18
48,num__TransactionsCred,0.050204094499349594,0.050204087048769,4
48,num__TransactionsCred_CA,0.07641229778528214,0.07641229033470154,7
48,num__VolumeDeb,0.03202461078763008,0.03202460706233978,17
48,num__VolumeDeb_CA,0.0,0.0,26
48,num__VolumeDebCash_Card,0.06398453563451767,0.06398452818393707,21
48,num__VolumeDebCashless_Card,0.05503833666443825,0.05503832921385765,8
48,num__VolumeDeb_PaymentOrder,0.04013306647539139,0.04013306275010109,24
48,num__TransactionsDeb,0.11858411133289337,0.11858409643173218,13
48,num__TransactionsDeb_CA,0.04707719013094902,0.04707718268036842,3
48,num__TransactionsDebCash_Card,0.042514681816101074,0.042514678090810776,1
48,num__TransactionsDebCashless_Card,0.051922835409641266,0.05192282795906067,11
48,num__TransactionsDeb_PaymentOrder,0.0,0.0,27
48,num__Count_CA,0.0,0.0,12
48,num__Count_SA,0.0,0.0,9
48,num__Count_MF,0.06334395706653595,0.06334394961595535,5
48,num__Count_OVD,0.09296305477619171,0.09296304732561111,22
48,num__Count_CC,0.0,0.0,23
48,num__Count_CL,0.0,0.0,25
48,num__ActBal_SA,0.05774075537919998,0.057740747928619385,14
48,num__ActBal_MF,0.0,0.0,19
48,num__ActBal_OVD,0.0,0.0,16
48,num__ActBal_CC,0.0519896037876606,0.05198959633708,15
48,num__ActBal_CL,0.0,0.0,6
48,num__Age,0.06156421825289726,0.061564210802316666,2
48,num__Tenure,0.04665253311395645,0.04665252938866615,20
48,cat__Sex_M,0.0,0.0,28
41,num__VolumeCred,0.03843070566654205,0.03843070939183235,18
41,num__VolumeCred_CA,0.05343790724873543,0.053437910974025726,28
41,num__TransactionsCred,0.04481187090277672,0.04481187462806702,26
41,num__TransactionsCred_CA,0.029160069301724434,0.029160071164369583,8
41,num__VolumeDeb,0.027214093133807182,0.02721409499645233,7
41,num__VolumeDeb_CA,0.03512101247906685,0.03512101620435715,2
41,num__VolumeDebCash_Card,0.05601302906870842,0.05601303279399872,17
41,num__VolumeDebCashless_Card,0.05633239820599556,0.05633240193128586,24
41,num__VolumeDeb_PaymentOrder,0.040269430726766586,0.040269434452056885,3
41,num__TransactionsDeb,0.036722682416439056,0.036722686141729355,9
41,num__TransactionsDeb_CA,0.03459944576025009,0.03459944948554039,1
41,num__TransactionsDebCash_Card,0.03536660596728325,0.03536660969257355,22
41,num__TransactionsDebCashless_Card,0.014335471205413342,0.014335472136735916,23
41,num__TransactionsDeb_PaymentOrder,0.02792116440832615,0.027921166270971298,10
41,num__Count_CA,0.016118913888931274,0.016118915751576424,12
41,num__Count_SA,0.0,0.0,6
41,num__Count_MF,0.04537791758775711,0.04537792131304741,11
41,num__Count_OVD,0.08965280652046204,0.08965281397104263,21
41,num__Count_CC,0.0,0.0,27
41,num__Count_CL,0.0,0.0,4
41,num__ActBal_SA,0.030964529141783714,0.030964531004428864,14
41,num__ActBal_MF,0.03813355788588524,0.03813356161117554,5
41,num__ActBal_OVD,0.037609733641147614,0.03760973736643791,15
41,num__ActBal_CC,0.045107483863830566,0.045107487589120865,13
41,num__ActBal_CL,0.0,0.0,16
41,num__Age,0.06037148833274841,0.06037149205803871,25
41,num__Tenure,0.03005135990679264,0.03005136176943779,19
41,cat__Sex_M,0.07687623053789139,0.07687623798847198,20
47,num__VolumeCred,0.08337222784757614,0.08337222784757614,18
47,num__VolumeCred_CA,0.0,0.0,13
47,num__TransactionsCred,0.0,0.0,26
47,num__TransactionsCred_CA,0.0,0.0,8
47,num__VolumeDeb,0.0,0.0,17
47,num__VolumeDeb_CA,0.0,0.0,24
47,num__VolumeDebCash_Card,0.08300420641899109,0.08300420641899109,12
47,num__VolumeDebCashless_Card,0.10869676619768143,0.10869676619768143,1
47,num__VolumeDeb_PaymentOrder,0.0,0.0,7
47,num__TransactionsDeb,0.0,0.0,27
47,num__TransactionsDeb_CA,0.0,0.0,25
47,num__TransactionsDebCash_Card,0.09285206347703934,0.09285206347703934,23
47,num__TransactionsDebCashless_Card,0.12110117822885513,0.12110117822885513,22
47,num__TransactionsDeb_PaymentOrder,0.0,0.0,21
47,num__Count_CA,0.0,0.0,20
47,num__Count_SA,0.0,0.0,19
47,num__Count_MF,0.10014987736940384,0.10014987736940384,14
47,num__Count_OVD,0.16980524361133575,0.16980524361133575,15
47,num__Count_CC,0.0,0.0,11
47,num__Count_CL,0.0,0.0,10
47,num__ActBal_SA,0.0,0.0,9
47,num__ActBal_MF,0.0,0.0,6
47,num__ActBal_OVD,0.0,0.0,5
47,num__ActBal_CC,0.09418141841888428,0.09418141841888428,4
47,num__ActBal_CL,0.0,0.0,3
47,num__Age,0.11499393731355667,0.11499393731355667,2
47,num__Tenure,0.03184313327074051,0.03184313327074051,16
47,cat__Sex_M,0.0,0.0,28
56,num__VolumeCred,0.05469728633761406,0.05469729006290436,14
56,num__VolumeCred_CA,0.0654340609908104,0.06543406844139099,8
56,num__TransactionsCred,0.08241928368806839,0.08241929113864899,3
56,num__TransactionsCred_CA,0.0,0.0,26
56,num__VolumeDeb,0.06146478280425072,0.061464786529541016,7
56,num__VolumeDeb_CA,0.05904200300574303,0.059042006731033325,2
56,num__VolumeDebCash_Card,0.07391293346881866,0.07391294091939926,24
56,num__VolumeDebCashless_Card,0.08336401730775833,0.08336402475833893,5
56,num__VolumeDeb_PaymentOrder,0.05178820714354515,0.05178821086883545,6
56,num__TransactionsDeb,0.0,0.0,18
56,num__TransactionsDeb_CA,0.032091498374938965,0.03209150210022926,1
56,num__TransactionsDebCash_Card,0.04916105791926384,0.04916106164455414,9
56,num__TransactionsDebCashless_Card,0.0,0.0,12
56,num__TransactionsDeb_PaymentOrder,0.09746154397726059,0.09746155142784119,17
56,num__Count_CA,0.0,0.0,28
56,num__Count_SA,0.0,0.0,11
56,num__Count_MF,0.04637064412236214,0.046370647847652435,16
56,num__Count_OVD,0.05892620608210564,0.058926209807395935,27
56,num__Count_CC,0.0,0.0,10
56,num__Count_CL,0.0,0.0,19
56,num__ActBal_SA,0.0,0.0,21
56,num__ActBal_MF,0.0,0.0,22
56,num__ActBal_OVD,0.0,0.0,23
56,num__ActBal_CC,0.063838429749012,0.06383843719959259,13
56,num__ActBal_CL,0.0,0.0,25
56,num__Age,0.07708516716957092,0.07708517462015152,4
56,num__Tenure,0.0,0.0,15
56,cat__Sex_M,0.0429428406059742,0.042942844331264496,20
53,num__VolumeCred,0.051117055118083954,0.051117055118083954,9
53,num__VolumeCred_CA,0.0739479511976242,0.0739479511976242,24
53,num__TransactionsCred,0.060232169926166534,0.060232169926166534,7
53,num__TransactionsCred_CA,0.0648932009935379,0.0648932009935379,2
53,num__VolumeDeb,0.0,0.0,14
53,num__VolumeDeb_CA,0.050559207797050476,0.050559207797050476,8
53,num__VolumeDebCash_Card,0.07771289348602295,0.07771289348602295,17
53,num__VolumeDebCashless_Card,0.06640360504388809,0.06640360504388809,4
53,num__VolumeDeb_PaymentOrder,0.08402292430400848,0.08402292430400848,23
53,num__TransactionsDeb,0.05176183581352234,0.05176183581352234,26
53,num__TransactionsDeb_CA,0.0,0.0,3
53,num__TransactionsDebCash_Card,0.05338282510638237,0.05338282510638237,12
53,num__TransactionsDebCashless_Card,0.0,0.0,10
53,num__TransactionsDeb_PaymentOrder,0.06770722568035126,0.06770722568035126,1
53,num__Count_CA,0.0,0.0,6
53,num__Count_SA,0.0,0.0,27
53,num__Count_MF,0.0649232268333435,0.0649232268333435,15
53,num__Count_OVD,0.0,0.0,16
53,num__Count_CC,0.0,0.0,13
53,num__Count_CL,0.0,0.0,18
53,num__ActBal_SA,0.0,0.0,19
53,num__ActBal_MF,0.0,0.0,20
53,num__ActBal_OVD,0.06377633661031723,0.06377633661031723,21
53,num__ActBal_CC,0.08355024456977844,0.08355024456977844,22
53,num__ActBal_CL,0.0,0.0,11
53,num__Age,0.06139598786830902,0.06139598786830902,25
53,num__Tenure,0.02461337484419346,0.02461337484419346,5
53,cat__Sex_M,0.0,0.0,28
42,num__VolumeCred,0.10223018378019333,0.10223018378019333,18
42,num__VolumeCred_CA,0.14117547869682312,0.14117547869682312,26
42,num__TransactionsCred,0.0,0.0,2
42,num__TransactionsCred_CA,0.0,0.0,7
42,num__VolumeDeb,0.0,0.0,1
42,num__VolumeDeb_CA,0.0,0.0,12
42,num__VolumeDebCash_Card,0.12506011128425598,0.12506011128425598,9
42,num__VolumeDebCashless_Card,0.0,0.0,10
42,num__VolumeDeb_PaymentOrder,0.09373951703310013,0.09373951703310013,25
42,num__TransactionsDeb,0.08428174257278442,0.08428174257278442,24
42,num__TransactionsDeb_CA,0.0,0.0,23
42,num__TransactionsDebCash_Card,0.09440428018569946,0.09440428018569946,22
42,num__TransactionsDebCashless_Card,0.0,0.0,21
42,num__TransactionsDeb_PaymentOrder,0.0,0.0,20
42,num__Count_CA,0.0,0.0,19
42,num__Count_SA,0.0,0.0,17
42,num__Count_MF,0.0,0.0,14
42,num__Count_OVD,0.2109825760126114,0.2109825760126114,15
42,num__Count_CC,0.0,0.0,27
42,num__Count_CL,0.0,0.0,13
42,num__ActBal_SA,0.0,0.0,11
42,num__ActBal_MF,0.0,0.0,8
42,num__ActBal_OVD,0.0,0.0,6
42,num__ActBal_CC,0.0,0.0,5
42,num__ActBal_CL,0.0,0.0,4
42,num__Age,0.14812609553337097,0.14812609553337097,3
42,num__Tenure,0.0,0.0,16
42,cat__Sex_M,0.0,0.0,28
59,num__VolumeCred,0.08484361320734024,0.08484362065792084,8
59,num__VolumeCred_CA,0.07387742400169373,0.07387743145227432,1
59,num__TransactionsCred,0.0,0.0,6
59,num__TransactionsCred_CA,0.0,0.0,17
59,num__VolumeDeb,0.06974185258150101,0.0697418600320816,7
59,num__VolumeDeb_CA,0.07970038801431656,0.07970039546489716,26
59,num__VolumeDebCash_Card,0.07651740312576294,0.07651741057634354,2
59,num__VolumeDebCashless_Card,0.10338486731052399,0.10338487476110458,24
59,num__VolumeDeb_PaymentOrder,0.060705672949552536,0.060705676674842834,21
59,num__TransactionsDeb,0.0,0.0,5
59,num__TransactionsDeb_CA,0.0,0.0,9
59,num__TransactionsDebCash_Card,0.05217987298965454,0.05217987671494484,13
59,num__TransactionsDebCashless_Card,0.06041981652379036,0.06041982024908066,12
59,num__TransactionsDeb_PaymentOrder,0.0,0.0,27
59,num__Count_CA,0.0,0.0,22
59,num__Count_SA,0.0,0.0,25
59,num__Count_MF,0.0784933865070343,0.0784933939576149,23
59,num__Count_OVD,0.0,0.0,20
59,num__Count_CC,0.0,0.0,14
59,num__Count_CL,0.0,0.0,18
59,num__ActBal_SA,0.07023262232542038,0.07023262977600098,16
59,num__ActBal_MF,0.0,0.0,15
59,num__ActBal_OVD,0.0,0.0,11
59,num__ActBal_CC,0.07058358192443848,0.07058358937501907,10
59,num__ActBal_CL,0.0,0.0,4
59,num__Age,0.0740109533071518,0.07401096075773239,3
59,num__Tenure,0.04530848190188408,0.04530848562717438,19
59,cat__Sex_M,0.0,0.0,28
57,num__VolumeCred,0.05335615202784538,0.05335615575313568,11
57,num__VolumeCred_CA,0.051216356456279755,0.05121636018157005,13
57,num__TransactionsCred,0.03885059431195259,0.03885059803724289,7
57,num__TransactionsCred_CA,0.04556317627429962,0.04556317999958992,5
57,num__VolumeDeb,0.056892331689596176,0.056892335414886475,1
57,num__VolumeDeb_CA,0.04442891106009483,0.04442891478538513,26
57,num__VolumeDebCash_Card,0.06126141548156738,0.06126141920685768,2
57,num__VolumeDebCashless_Card,0.03670210763812065,0.03670211136341095,21
57,num__VolumeDeb_PaymentOrder,0.044715553522109985,0.044715557247400284,17
57,num__TransactionsDeb,0.040732789784669876,0.040732793509960175,4
57,num__TransactionsDeb_CA,0.12328430265188217,0.12328431010246277,9
57,num__TransactionsDebCash_Card,0.03916331008076668,0.039163313806056976,6
57,num__TransactionsDebCashless_Card,0.06183876842260361,0.061838772147893906,24
57,num__TransactionsDeb_PaymentOrder,0.0,0.0,10
57,num__Count_CA,0.0,0.0,12
57,num__Count_SA,0.0,0.0,3
57,num__Count_MF,0.05006210878491402,0.050062112510204315,8
57,num__Count_OVD,0.03651544824242592,0.03651545196771622,18
57,num__Count_CC,0.0,0.0,28
57,num__Count_CL,0.0,0.0,27
57,num__ActBal_SA,0.050823140889406204,0.0508231446146965,20
57,num__ActBal_MF,0.0,0.0,16
57,num__ActBal_OVD,0.0,0.0,22
57,num__ActBal_CC,0.04390554875135422,0.043905552476644516,23
57,num__ActBal_CL,0.0,0.0,15
57,num__Age,0.052939265966415405,0.052939269691705704,25
57,num__Tenure,0.03329440951347351,0.03329441323876381,19
57,cat__Sex_M,0.03445419296622276,0.03445419669151306,14
46,num__VolumeCred,0.03325920179486275,0.03325920179486275,22
46,num__VolumeCred_CA,0.04848158359527588,0.04848158359527588,21
46,num__TransactionsCred,0.024100197479128838,0.024100197479128838,13
46,num__TransactionsCred_CA,0.04023358225822449,0.04023358225822449,26
46,num__VolumeDeb,0.04770336300134659,0.04770336300134659,2
46,num__VolumeDeb_CA,0.03676673769950867,0.03676673769950867,5
46,num__VolumeDebCash_Card,0.046105168759822845,0.046105168759822845,7
46,num__VolumeDebCashless_Card,0.044335126876831055,0.044335126876831055,17
46,num__VolumeDeb_PaymentOrder,0.041459765285253525,0.041459765285253525,8
46,num__TransactionsDeb,0.03758833929896355,0.03758833929896355,11
46,num__TransactionsDeb_CA,0.04272927716374397,0.04272927716374397,24
46,num__TransactionsDebCash_Card,0.0363142192363739,0.0363142192363739,18
46,num__TransactionsDebCashless_Card,0.052251752465963364,0.052251752465963364,9
46,num__TransactionsDeb_PaymentOrder,0.041176147758960724,0.041176147758960724,14
46,num__Count_CA,0.02574896067380905,0.02574896067380905,28
46,num__Count_SA,0.026651009917259216,0.026651009917259216,4
46,num__Count_MF,0.045214708894491196,0.045214708894491196,10
46,num__Count_OVD,0.041659656912088394,0.041659656912088394,6
46,num__Count_CC,0.0,0.0,12
46,num__Count_CL,0.0,0.0,27
46,num__ActBal_SA,0.0538143590092659,0.0538143590092659,1
46,num__ActBal_MF,0.06673962622880936,0.06673962622880936,16
46,num__ActBal_OVD,0.0,0.0,15
46,num__ActBal_CC,0.041991934180259705,0.041991934180259705,3
46,num__ActBal_CL,0.0,0.0,19
46,num__Age,0.04893543943762779,0.04893543943762779,20
46,num__Tenure,0.03562825545668602,0.03562825545668602,23
46,cat__Sex_M,0.04111168161034584,0.04111168161034584,25
54,num__VolumeCred,0.04290183261036873,0.04290183261036873,18
54,num__VolumeCred_CA,0.03288546949625015,0.03288546949625015,6
54,num__TransactionsCred,0.05309957265853882,0.05309957265853882,4
54,num__TransactionsCred_CA,0.06252270936965942,0.06252270936965942,8
54,num__VolumeDeb,0.04111378639936447,0.04111378639936447,3
54,num__VolumeDeb_CA,0.07047031819820404,0.07047031819820404,22
54,num__VolumeDebCash_Card,0.04456770792603493,0.04456770792603493,7
54,num__VolumeDebCashless_Card,0.05591730773448944,0.05591730773448944,21
54,num__VolumeDeb_PaymentOrder,0.033361803740262985,0.033361803740262985,17
54,num__TransactionsDeb,0.03840236738324165,0.03840236738324165,1
54,num__TransactionsDeb_CA,0.03022046759724617,0.03022046759724617,24
54,num__TransactionsDebCash_Card,0.033854275941848755,0.033854275941848755,13
54,num__TransactionsDebCashless_Card,0.04237150400876999,0.04237150400876999,5
54,num__TransactionsDeb_PaymentOrder,0.0,0.0,26
54,num__Count_CA,0.02876749075949192,0.02876749075949192,10
54,num__Count_SA,0.022166086360812187,0.022166086360812187,23
54,num__Count_MF,0.04339003935456276,0.04339003935456276,27
54,num__Count_OVD,0.07741256058216095,0.07741256058216095,12
54,num__Count_CC,0.0,0.0,9
54,num__Count_CL,0.0,0.0,2
54,num__ActBal_SA,0.04348247870802879,0.04348247870802879,11
54,num__ActBal_MF,0.04801959544420242,0.04801959544420242,15
54,num__ActBal_OVD,0.03683162108063698,0.03683162108063698,16
54,num__ActBal_CC,0.04248085618019104,0.04248085618019104,25
54,num__ActBal_CL,0.0,0.0,14
54,num__Age,0.040528640151023865,0.040528640151023865,19
54,num__Tenure,0.035231489688158035,0.035231489688158035,20
54,cat__Sex_M,0.0,0.0,28
55,num__VolumeCred,0.03917447477579117,0.03917447850108147,11
55,num__VolumeCred_CA,0.041162628680467606,0.041162632405757904,14
55,num__TransactionsCred,0.04284078627824783,0.04284079000353813,10
55,num__TransactionsCred_CA,0.04890519008040428,0.04890519380569458,18
55,num__VolumeDeb,0.047472354024648666,0.047472357749938965,26
55,num__VolumeDeb_CA,0.04441925510764122,0.04441925883293152,4
55,num__VolumeDebCash_Card,0.04413476213812828,0.04413476586341858,21
55,num__VolumeDebCashless_Card,0.04307660833001137,0.043076612055301666,5
55,num__VolumeDeb_PaymentOrder,0.03308824449777603,0.03308824822306633,13
55,num__TransactionsDeb,0.05942431464791298,0.05942431837320328,17
55,num__TransactionsDeb_CA,0.06562299281358719,0.06562300026416779,6
55,num__TransactionsDebCash_Card,0.03240492567420006,0.032404929399490356,7
55,num__TransactionsDebCashless_Card,0.046527277678251266,0.046527281403541565,8
55,num__TransactionsDeb_PaymentOrder,0.06073423847556114,0.06073424220085144,3
55,num__Count_CA,0.0,0.0,24
55,num__Count_SA,0.0,0.0,2
55,num__Count_MF,0.045300960540771484,0.04530096426606178,27
55,num__Count_OVD,0.05607506260275841,0.056075066328048706,20
55,num__Count_CC,0.0,0.0,1
55,num__Count_CL,0.04050237312912941,0.04050237685441971,9
55,num__ActBal_SA,0.04825350642204285,0.048253510147333145,12
55,num__ActBal_MF,0.027697265148162842,0.02769726701080799,22
55,num__ActBal_OVD,0.0,0.0,16
55,num__ActBal_CC,0.041768599301576614,0.04176860302686691,15
55,num__ActBal_CL,0.0,0.0,23
55,num__Age,0.050365760922431946,0.050365764647722244,25
55,num__Tenure,0.04104840010404587,0.041048403829336166,19
55,cat__Sex_M,0.0,0.0,28
45,num__VolumeCred,0.0547063834965229,0.054706376045942307,11
45,num__VolumeCred_CA,0.04401879757642746,0.04401879385113716,10
45,num__TransactionsCred,0.030856601893901825,0.030856598168611526,7
45,num__TransactionsCred_CA,0.03881363570690155,0.03881363198161125,9
45,num__VolumeDeb,0.052498094737529755,0.05249808728694916,1
45,num__VolumeDeb_CA,0.05364196375012398,0.05364195629954338,6
45,num__VolumeDebCash_Card,0.057422757148742676,0.05742274969816208,5
45,num__VolumeDebCashless_Card,0.031380027532577515,0.031380023807287216,26
45,num__VolumeDeb_PaymentOrder,0.055407263338565826,0.05540725588798523,17
45,num__TransactionsDeb,0.06983331590890884,0.06983330845832825,21
45,num__TransactionsDeb_CA,0.10635017603635788,0.10635016113519669,24
45,num__TransactionsDebCash_Card,0.0373590849339962,0.0373590812087059,2
45,num__TransactionsDebCashless_Card,0.04255178943276405,0.042551785707473755,16
45,num__TransactionsDeb_PaymentOrder,0.023828227072954178,0.02382822334766388,13
45,num__Count_CA,0.0,0.0,4
45,num__Count_SA,0.04401468485593796,0.04401468113064766,12
45,num__Count_MF,0.051015086472034454,0.05101507902145386,28
45,num__Count_OVD,0.0,0.0,8
45,num__Count_CC,0.0,0.0,3
45,num__Count_CL,0.0,0.0,27
45,num__ActBal_SA,0.048304323107004166,0.04830431565642357,14
45,num__ActBal_MF,0.0,0.0,18
45,num__ActBal_OVD,0.0,0.0,19
45,num__ActBal_CC,0.046407170593738556,0.04640716686844826,20
45,num__ActBal_CL,0.0,0.0,22
45,num__Age,0.051807813346385956,0.05180780589580536,23
45,num__Tenure,0.024769173935055733,0.024769170209765434,25
45,cat__Sex_M,0.03501369059085846,0.03501368686556816,15
40,num__VolumeCred,0.050321441143751144,0.05032143369317055,26
40,num__VolumeCred_CA,0.05124590918421745,0.051245901733636856,8
40,num__TransactionsCred,0.034901347011327744,0.034901343286037445,7
40,num__TransactionsCred_CA,0.03804335370659828,0.03804334998130798,18
40,num__VolumeDeb,0.04775575175881386,0.04775574430823326,10
40,num__VolumeDeb_CA,0.03905900567770004,0.039059001952409744,2
40,num__VolumeDebCash_Card,0.05272042751312256,0.05272042006254196,1
40,num__VolumeDebCashless_Card,0.054578747600317,0.054578740149736404,17
40,num__VolumeDeb_PaymentOrder,0.044401731342077255,0.04440172761678696,21
40,num__TransactionsDeb,0.05208851024508476,0.052088502794504166,5
40,num__TransactionsDeb_CA,0.045811474323272705,0.04581147059798241,24
40,num__TransactionsDebCash_Card,0.03936231881380081,0.03936231508851051,11
40,num__TransactionsDebCashless_Card,0.0437764935195446,0.0437764897942543,27
40,num__TransactionsDeb_PaymentOrder,0.03731163218617439,0.037311628460884094,9
40,num__Count_CA,0.0,0.0,13
40,num__Count_SA,0.026593556627631187,0.02659355290234089,28
40,num__Count_MF,0.04913821443915367,0.049138206988573074,12
40,num__Count_OVD,0.05219126492738724,0.05219125747680664,6
40,num__Count_CC,0.0,0.0,4
40,num__Count_CL,0.0,0.0,14
40,num__ActBal_SA,0.04792625457048416,0.047926247119903564,3
40,num__ActBal_MF,0.0,0.0,16
40,num__ActBal_OVD,0.0,0.0,15
40,num__ActBal_CC,0.04601270705461502,0.04601270332932472,19
40,num__ActBal_CL,0.0,0.0,20
40,num__Age,0.059885893017053604,0.05988588556647301,22
40,num__Tenure,0.04444793984293938,0.04444793611764908,23
40,cat__Sex_M,0.042426008731126785,0.04242600500583649,25
44,num__VolumeCred,0.03860082849860191,0.03860082849860191,18
44,num__VolumeCred_CA,0.04602453112602234,0.04602453112602234,4
44,num__TransactionsCred,0.02994033880531788,0.02994033880531788,26
44,num__TransactionsCred_CA,0.05363713577389717,0.05363713577389717,10
44,num__VolumeDeb,0.03877221792936325,0.03877221792936325,20
44,num__VolumeDeb_CA,0.03837361931800842,0.03837361931800842,7
44,num__VolumeDebCash_Card,0.048094868659973145,0.048094868659973145,2
44,num__VolumeDebCashless_Card,0.04453632980585098,0.04453632980585098,21
44,num__VolumeDeb_PaymentOrder,0.033985406160354614,0.033985406160354614,24
44,num__TransactionsDeb,0.049905017018318176,0.049905017018318176,8
44,num__TransactionsDeb_CA,0.04403073713183403,0.04403073713183403,11
44,num__TransactionsDebCash_Card,0.03450397402048111,0.03450397402048111,23
44,num__TransactionsDebCashless_Card,0.038525283336639404,0.038525283336639404,17
44,num__TransactionsDeb_PaymentOrder,0.030559983104467392,0.030559983104467392,22
44,num__Count_CA,0.0,0.0,5
44,num__Count_SA,0.03162315487861633,0.03162315487861633,1
44,num__Count_MF,0.04004942625761032,0.04004942625761032,13
44,num__Count_OVD,0.056006886065006256,0.056006886065006256,6
44,num__Count_CC,0.0,0.0,12
44,num__Count_CL,0.04972981661558151,0.04972981661558151,9
44,num__ActBal_SA,0.0458601750433445,0.0458601750433445,16
44,num__ActBal_MF,0.039686419069767,0.039686419069767,14
44,num__ActBal_OVD,0.041137244552373886,0.041137244552373886,3
44,num__ActBal_CC,0.04554952308535576,0.04554952308535576,27
44,num__ActBal_CL,0.0,0.0,15
44,num__Age,0.05311547592282295,0.05311547592282295,25
44,num__Tenure,0.027751542627811432,0.027751542627811432,19
44,cat__Sex_M,0.0,0.0,28
25,num__VolumeCred,0.03216322138905525,0.03216322138905525,18
25,num__VolumeCred_CA,0.03425927087664604,0.03425927087664604,20
25,num__TransactionsCred,0.030093006789684296,0.030093006789684296,26
25,num__TransactionsCred_CA,0.0271495059132576,0.0271495059132576,13
25,num__VolumeDeb,0.028701096773147583,0.028701096773147583,11
25,num__VolumeDeb_CA,0.037166059017181396,0.037166059017181396,7
25,num__VolumeDebCash_Card,0.04305504634976387,0.04305504634976387,24
25,num__VolumeDebCashless_Card,0.036424100399017334,0.036424100399017334,17
25,num__VolumeDeb_PaymentOrder,0.029045164585113525,0.029045164585113525,23
25,num__TransactionsDeb,0.03395042195916176,0.03395042195916176,6
25,num__TransactionsDeb_CA,0.04310969263315201,0.04310969263315201,22
25,num__TransactionsDebCash_Card,0.03546183183789253,0.03546183183789253,8
25,num__TransactionsDebCashless_Card,0.04522506147623062,0.04522506147623062,27
25,num__TransactionsDeb_PaymentOrder,0.02843833714723587,0.02843833714723587,21
25,num__Count_CA,0.016086047515273094,0.016086047515273094,12
25,num__Count_SA,0.030201414600014687,0.030201414600014687,28
25,num__Count_MF,0.03945751488208771,0.03945751488208771,2
25,num__Count_OVD,0.05988195538520813,0.05988195538520813,10
25,num__Count_CC,0.025861570611596107,0.025861570611596107,1
25,num__Count_CL,0.05051082745194435,0.05051082745194435,16
25,num__ActBal_SA,0.03555828332901001,0.03555828332901001,3
25,num__ActBal_MF,0.036606565117836,0.036606565117836,9
25,num__ActBal_OVD,0.03902929276227951,0.03902929276227951,5
25,num__ActBal_CC,0.04236575588583946,0.04236575588583946,14
25,num__ActBal_CL,0.01925835758447647,0.01925835758447647,4
25,num__Age,0.04940060153603554,0.04940060153603554,19
25,num__Tenure,0.03622899577021599,0.03622899577021599,25
25,cat__Sex_M,0.035311028361320496,0.035311028361320496,15
35,num__VolumeCred,0.03647885099053383,0.03647885471582413,20
35,num__VolumeCred_CA,0.036330386996269226,0.036330390721559525,7
35,num__TransactionsCred,0.0277993306517601,0.02779933251440525,11
35,num__TransactionsCred_CA,0.02890785224735737,0.028907854110002518,13
35,num__VolumeDeb,0.03844081982970238,0.038440823554992676,26
35,num__VolumeDeb_CA,0.03948436677455902,0.03948437049984932,8
35,num__VolumeDebCash_Card,0.04604026675224304,0.04604027047753334,24
35,num__VolumeDebCashless_Card,0.042367931455373764,0.04236793518066406,6
35,num__VolumeDeb_PaymentOrder,0.03232140094041824,0.03232140466570854,22
35,num__TransactionsDeb,0.033934686332941055,0.033934690058231354,5
35,num__TransactionsDeb_CA,0.04508998990058899,0.04508999362587929,23
35,num__TransactionsDebCash_Card,0.035643331706523895,0.035643335431814194,1
35,num__TransactionsDebCashless_Card,0.04448198527097702,0.04448198899626732,2
35,num__TransactionsDeb_PaymentOrder,0.03415561839938164,0.034155622124671936,12
35,num__Count_CA,0.03367701917886734,0.03367702290415764,18
35,num__Count_SA,0.03331232815980911,0.03331233188509941,27
35,num__Count_MF,0.03385308384895325,0.033853087574243546,21
35,num__Count_OVD,0.034649040549993515,0.034649044275283813,14
35,num__Count_CC,0.0,0.0,10
35,num__Count_CL,0.06483487039804459,0.06483487784862518,17
35,num__ActBal_SA,0.034311335533857346,0.034311339259147644,15
35,num__ActBal_MF,0.03871087357401848,0.03871087729930878,16
35,num__ActBal_OVD,0.037411559373140335,0.037411563098430634,28
35,num__ActBal_CC,0.04130639508366585,0.041306398808956146,9
35,num__ActBal_CL,0.015977783128619194,0.015977784991264343,4
35,num__Age,0.043417736887931824,0.04341774061322212,3
35,num__Tenure,0.03450885787606239,0.03450886160135269,25
35,cat__Sex_M,0.03255217894911766,0.03255218267440796,19
51,num__VolumeCred,0.036925654858350754,0.036925651133060455,6
51,num__VolumeCred_CA,0.041531845927238464,0.041531842201948166,5
51,num__TransactionsCred,0.03501506522297859,0.03501506149768829,16
51,num__TransactionsCred_CA,0.02978934347629547,0.029789339751005173,11
51,num__VolumeDeb,0.05034324526786804,0.050343237817287445,8
51,num__VolumeDeb_CA,0.06360520422458649,0.06360519677400589,7
51,num__VolumeDebCash_Card,0.04315127059817314,0.04315126687288284,26
51,num__VolumeDebCashless_Card,0.04316326230764389,0.04316325858235359,20
51,num__VolumeDeb_PaymentOrder,0.025274669751524925,0.025274666026234627,2
51,num__TransactionsDeb,0.03550342470407486,0.03550342097878456,13
51,num__TransactionsDeb_CA,0.046814173460006714,0.046814169734716415,27
51,num__TransactionsDebCash_Card,0.037478625774383545,0.037478622049093246,28
51,num__TransactionsDebCashless_Card,0.04011400043964386,0.04011399671435356,17
51,num__TransactionsDeb_PaymentOrder,0.027610275894403458,0.02761027216911316,12
51,num__Count_CA,0.028775682672858238,0.02877567894756794,1
51,num__Count_SA,0.04723019525408745,0.04723018780350685,18
51,num__Count_MF,0.038420144468545914,0.038420140743255615,23
51,num__Count_OVD,0.03680773451924324,0.03680773079395294,10
51,num__Count_CC,0.0,0.0,3
51,num__Count_CL,0.04285280406475067,0.04285280033946037,22
51,num__ActBal_SA,0.03162497654557228,0.03162497282028198,21
51,num__ActBal_MF,0.03493655100464821,0.03493654727935791,4
51,num__ActBal_OVD,0.036293160170316696,0.0362931564450264,15
51,num__ActBal_CC,0.0,0.0,14
51,num__ActBal_CL,0.02602090872824192,0.026020905002951622,25
51,num__Age,0.043037284165620804,0.043037280440330505,9
51,num__Tenure,0.039199694991111755,0.03919969126582146,19
51,cat__Sex_M,0.03848088160157204,0.03848087787628174,24
39,num__VolumeCred,0.04364568740129471,0.04364568740129471,18
39,num__VolumeCred_CA,0.035480208694934845,0.035480208694934845,10
39,num__TransactionsCred,0.0356873944401741,0.0356873944401741,6
39,num__TransactionsCred_CA,0.034832678735256195,0.034832678735256195,23
39,num__VolumeDeb,0.041231196373701096,0.041231196373701096,17
39,num__VolumeDeb_CA,0.059533942490816116,0.059533942490816116,11
39,num__VolumeDebCash_Card,0.045569516718387604,0.045569516718387604,8
39,num__VolumeDebCashless_Card,0.0476444810628891,0.0476444810628891,7
39,num__VolumeDeb_PaymentOrder,0.0347600132226944,0.0347600132226944,26
39,num__TransactionsDeb,0.0633336529135704,0.0633336529135704,1
39,num__TransactionsDeb_CA,0.0480126217007637,0.0480126217007637,14
39,num__TransactionsDebCash_Card,0.04058046266436577,0.04058046266436577,13
39,num__TransactionsDebCashless_Card,0.04239893704652786,0.04239893704652786,5
39,num__TransactionsDeb_PaymentOrder,0.04252759739756584,0.04252759739756584,12
39,num__Count_CA,0.0,0.0,28
39,num__Count_SA,0.03339298069477081,0.03339298069477081,27
39,num__Count_MF,0.05389050394296646,0.05389050394296646,21
39,num__Count_OVD,0.08078056573867798,0.08078056573867798,3
39,num__Count_CC,0.0,0.0,2
39,num__Count_CL,0.0,0.0,4
39,num__ActBal_SA,0.037310972809791565,0.037310972809791565,9
39,num__ActBal_MF,0.0,0.0,16
39,num__ActBal_OVD,0.054957278072834015,0.054957278072834015,19
39,num__ActBal_CC,0.0,0.0,22
39,num__ActBal_CL,0.0,0.0,24
39,num__Age,0.045322731137275696,0.045322731137275696,25
39,num__Tenure,0.038987111300230026,0.038987111300230026,15
39,cat__Sex_M,0.04011958837509155,0.04011958837509155,20
27,num__VolumeCred,0.04981943964958191,0.04981943964958191,11
27,num__VolumeCred_CA,0.021969357505440712,0.021969357505440712,10
27,num__TransactionsCred,0.029475120827555656,0.029475120827555656,17
27,num__TransactionsCred_CA,0.0523797906935215,0.0523797906935215,5
27,num__VolumeDeb,0.07121816277503967,0.07121816277503967,26
27,num__VolumeDeb_CA,0.03701203688979149,0.03701203688979149,7
27,num__VolumeDebCash_Card,0.06434989720582962,0.06434989720582962,21
27,num__VolumeDebCashless_Card,0.054276809096336365,0.054276809096336365,13
27,num__VolumeDeb_PaymentOrder,0.032715920358896255,0.032715920358896255,8
27,num__TransactionsDeb,0.10490764677524567,0.10490764677524567,4
27,num__TransactionsDeb_CA,0.15884160995483398,0.15884160995483398,1
27,num__TransactionsDebCash_Card,0.03975663706660271,0.03975663706660271,12
27,num__TransactionsDebCashless_Card,0.055257365107536316,0.055257365107536316,6
27,num__TransactionsDeb_PaymentOrder,0.0,0.0,9
27,num__Count_CA,0.0,0.0,27
27,num__Count_SA,0.0,0.0,3
27,num__Count_MF,0.07443968951702118,0.07443968951702118,2
27,num__Count_OVD,0.0,0.0,22
27,num__Count_CC,0.0,0.0,25
27,num__Count_CL,0.0,0.0,24
27,num__ActBal_SA,0.05884918197989464,0.05884918197989464,23
27,num__ActBal_MF,0.0,0.0,14
27,num__ActBal_OVD,0.0,0.0,19
27,num__ActBal_CC,0.0,0.0,18
27,num__ActBal_CL,0.0,0.0,16
27,num__Age,0.06492675840854645,0.06492675840854645,15
27,num__Tenure,0.029804585501551628,0.029804585501551628,20
27,cat__Sex_M,0.0,0.0,28
31,num__VolumeCred,0.061381012201309204,0.061381012201309204,4
31,num__VolumeCred_CA,0.08229964971542358,0.08229964971542358,18
31,num__TransactionsCred,0.06327330321073532,0.06327330321073532,2
31,num__TransactionsCred_CA,0.11563139408826828,0.11563139408826828,26
31,num__VolumeDeb,0.06477851420640945,0.06477851420640945,24
31,num__VolumeDeb_CA,0.05622714012861252,0.05622714012861252,5
31,num__VolumeDebCash_Card,0.06034087762236595,0.06034087762236595,3
31,num__VolumeDebCashless_Card,0.0,0.0,13
31,num__VolumeDeb_PaymentOrder,0.048410993069410324,0.048410993069410324,1
31,num__TransactionsDeb,0.0,0.0,7
31,num__TransactionsDeb_CA,0.0,0.0,17
31,num__TransactionsDebCash_Card,0.05046424642205238,0.05046424642205238,6
31,num__TransactionsDebCashless_Card,0.06193458288908005,0.06193458288908005,12
31,num__TransactionsDeb_PaymentOrder,0.0,0.0,9
31,num__Count_CA,0.0,0.0,27
31,num__Count_SA,0.0,0.0,25
31,num__Count_MF,0.05768054723739624,0.05768054723739624,23
31,num__Count_OVD,0.10421666502952576,0.10421666502952576,22
31,num__Count_CC,0.0,0.0,21
31,num__Count_CL,0.0,0.0,14
31,num__ActBal_SA,0.0,0.0,19
31,num__ActBal_MF,0.0,0.0,16
31,num__ActBal_OVD,0.0,0.0,15
31,num__ActBal_CC,0.06834244728088379,0.06834244728088379,11
31,num__ActBal_CL,0.0,0.0,10
31,num__Age,0.07974571734666824,0.07974571734666824,8
31,num__Tenure,0.025272920727729797,0.025272920727729797,20
31,cat__Sex_M,0.0,0.0,28
10,num__VolumeCred,0.03240200877189636,0.03240200877189636,6
10,num__VolumeCred_CA,0.037948645651340485,0.037948645651340485,24
10,num__TransactionsCred,0.028088226914405823,0.028088226914405823,20
10,num__TransactionsCred_CA,0.030479781329631805,0.030479781329631805,26
10,num__VolumeDeb,0.02533707767724991,0.02533707767724991,23
10,num__VolumeDeb_CA,0.06363068521022797,0.06363068521022797,7
10,num__VolumeDebCash_Card,0.045636411756277084,0.045636411756277084,13
10,num__VolumeDebCashless_Card,0.03971355780959129,0.03971355780959129,10
10,num__VolumeDeb_PaymentOrder,0.03433772176504135,0.03433772176504135,8
10,num__TransactionsDeb,0.04183315113186836,0.04183315113186836,27
10,num__TransactionsDeb_CA,0.037165772169828415,0.037165772169828415,12
10,num__TransactionsDebCash_Card,0.03912743926048279,0.03912743926048279,2
10,num__TransactionsDebCashless_Card,0.04392300173640251,0.04392300173640251,21
10,num__TransactionsDeb_PaymentOrder,0.025948094204068184,0.025948094204068184,11
10,num__Count_CA,0.030863959342241287,0.030863959342241287,18
10,num__Count_SA,0.03362753242254257,0.03362753242254257,9
10,num__Count_MF,0.02604830265045166,0.02604830265045166,22
10,num__Count_OVD,0.03673688694834709,0.03673688694834709,16
10,num__Count_CC,0.0,0.0,1
10,num__Count_CL,0.05326934531331062,0.05326934531331062,15
10,num__ActBal_SA,0.03779861703515053,0.03779861703515053,4
10,num__ActBal_MF,0.034287165850400925,0.034287165850400925,28
10,num__ActBal_OVD,0.04667934030294418,0.04667934030294418,3
10,num__ActBal_CC,0.05551506578922272,0.05551506578922272,17
10,num__ActBal_CL,0.0,0.0,14
10,num__Age,0.04960049316287041,0.04960049316287041,5
10,num__Tenure,0.03956015408039093,0.03956015408039093,25
10,cat__Sex_M,0.030441604554653168,0.030441604554653168,19
22,num__VolumeCred,0.06519356369972229,0.06519357115030289,11
22,num__VolumeCred_CA,0.054908376187086105,0.0549083836376667,8
22,num__TransactionsCred,0.04633694142103195,0.04633694514632225,6
22,num__TransactionsCred_CA,0.04434429109096527,0.04434429481625557,9
22,num__VolumeDeb,0.06981631368398666,0.06981632113456726,5
22,num__VolumeDeb_CA,0.08997398614883423,0.08997399359941483,1
22,num__VolumeDebCash_Card,0.05806136503815651,0.058061372488737106,7
22,num__VolumeDebCashless_Card,0.09062139689922333,0.09062140434980392,26
22,num__VolumeDeb_PaymentOrder,0.07017870247364044,0.07017870992422104,21
22,num__TransactionsDeb,0.0,0.0,2
22,num__TransactionsDeb_CA,0.1444748193025589,0.1444748342037201,3
22,num__TransactionsDebCash_Card,0.04292626306414604,0.04292626678943634,4
22,num__TransactionsDebCashless_Card,0.0,0.0,12
22,num__TransactionsDeb_PaymentOrder,0.0,0.0,28
22,num__Count_CA,0.0,0.0,18
22,num__Count_SA,0.0,0.0,27
22,num__Count_MF,0.0,0.0,15
22,num__Count_OVD,0.034833312034606934,0.03483331575989723,16
22,num__Count_CC,0.0,0.0,17
22,num__Count_CL,0.0,0.0,19
22,num__ActBal_SA,0.05743483453989029,0.057434841990470886,20
22,num__ActBal_MF,0.0,0.0,13
22,num__ActBal_OVD,0.0,0.0,22
22,num__ActBal_CC,0.0,0.0,23
22,num__ActBal_CL,0.0,0.0,24
22,num__Age,0.05781249329447746,0.05781250074505806,25
22,num__Tenure,0.03417887166142464,0.034178875386714935,10
22,cat__Sex_M,0.03890438750386238,0.03890439122915268,14
21,num__VolumeCred,0.29652756452560425,0.29652756452560425,1
21,num__VolumeCred_CA,0.248967707157135,0.248967707157135,7
21,num__TransactionsCred,0.0,0.0,2
21,num__TransactionsCred_CA,0.0,0.0,12
21,num__VolumeDeb,0.0,0.0,26
21,num__VolumeDeb_CA,0.0,0.0,25
21,num__VolumeDebCash_Card,0.24945877492427826,0.24945877492427826,24
21,num__VolumeDebCashless_Card,0.0,0.0,23
21,num__VolumeDeb_PaymentOrder,0.0,0.0,22
21,num__TransactionsDeb,0.0,0.0,21
21,num__TransactionsDeb_CA,0.0,0.0,20
21,num__TransactionsDebCash_Card,0.2050459384918213,0.2050459384918213,19
21,num__TransactionsDebCashless_Card,0.0,0.0,18
21,num__TransactionsDeb_PaymentOrder,0.0,0.0,17
21,num__Count_CA,0.0,0.0,16
21,num__Count_SA,0.0,0.0,14
21,num__Count_MF,0.0,0.0,27
21,num__Count_OVD,0.0,0.0,13
21,num__Count_CC,0.0,0.0,11
21,num__Count_CL,0.0,0.0,10
21,num__ActBal_SA,0.0,0.0,9
21,num__ActBal_MF,0.0,0.0,8
21,num__ActBal_OVD,0.0,0.0,6
21,num__ActBal_CC,0.0,0.0,5
21,num__ActBal_CL,0.0,0.0,4
21,num__Age,0.0,0.0,3
21,num__Tenure,0.0,0.0,15
21,cat__Sex_M,0.0,0.0,28
30,num__VolumeCred,0.06417742371559143,0.06417742371559143,18
30,num__VolumeCred_CA,0.06437552720308304,0.06437552720308304,3
30,num__TransactionsCred,0.11375951766967773,0.11375951766967773,5
30,num__TransactionsCred_CA,0.0,0.0,6
30,num__VolumeDeb,0.10327751934528351,0.10327751934528351,7
30,num__VolumeDeb_CA,0.09618174284696579,0.09618174284696579,26
30,num__VolumeDebCash_Card,0.08594892174005508,0.08594892174005508,2
30,num__VolumeDebCashless_Card,0.0,0.0,1
30,num__VolumeDeb_PaymentOrder,0.05435103178024292,0.05435103178024292,23
30,num__TransactionsDeb,0.04649481922388077,0.04649481922388077,12
30,num__TransactionsDeb_CA,0.0,0.0,9
30,num__TransactionsDebCash_Card,0.05473696067929268,0.05473696067929268,13
30,num__TransactionsDebCashless_Card,0.053818557411432266,0.053818557411432266,10
30,num__TransactionsDeb_PaymentOrder,0.0,0.0,20
30,num__Count_CA,0.0,0.0,24
30,num__Count_SA,0.0,0.0,22
30,num__Count_MF,0.0,0.0,21
30,num__Count_OVD,0.12347284704446793,0.12347284704446793,25
30,num__Count_CC,0.0,0.0,14
30,num__Count_CL,0.0,0.0,17
30,num__ActBal_SA,0.0,0.0,16
30,num__ActBal_MF,0.0,0.0,15
30,num__ActBal_OVD,0.05531693622469902,0.05531693622469902,27
30,num__ActBal_CC,0.0,0.0,11
30,num__ActBal_CL,0.0,0.0,8
30,num__Age,0.08408825844526291,0.08408825844526291,4
30,num__Tenure,0.0,0.0,19
30,cat__Sex_M,0.0,0.0,28
38,num__VolumeCred,0.07448610663414001,0.07448610663414001,18
38,num__VolumeCred_CA,0.06346718966960907,0.06346718966960907,26
38,num__TransactionsCred,0.07087516039609909,0.07087516039609909,7
38,num__TransactionsCred_CA,0.0,0.0,5
38,num__VolumeDeb,0.08447261899709702,0.08447261899709702,24
38,num__VolumeDeb_CA,0.0,0.0,11
38,num__VolumeDebCash_Card,0.08511844277381897,0.08511844277381897,1
38,num__VolumeDebCashless_Card,0.0,0.0,3
38,num__VolumeDeb_PaymentOrder,0.06026511266827583,0.06026511266827583,2
38,num__TransactionsDeb,0.051687538623809814,0.051687538623809814,12
38,num__TransactionsDeb_CA,0.07798519730567932,0.07798519730567932,9
38,num__TransactionsDebCash_Card,0.060996074229478836,0.060996074229478836,23
38,num__TransactionsDebCashless_Card,0.0,0.0,10
38,num__TransactionsDeb_PaymentOrder,0.0,0.0,19
38,num__Count_CA,0.0,0.0,22
38,num__Count_SA,0.0,0.0,21
38,num__Count_MF,0.0,0.0,20
38,num__Count_OVD,0.14314113557338715,0.14314113557338715,25
38,num__Count_CC,0.0,0.0,14
38,num__Count_CL,0.0,0.0,16
38,num__ActBal_SA,0.0,0.0,15
38,num__ActBal_MF,0.0,0.0,27
38,num__ActBal_OVD,0.056370701640844345,0.056370701640844345,13
38,num__ActBal_CC,0.07822634279727936,0.07822634279727936,8
38,num__ActBal_CL,0.0,0.0,6
38,num__Age,0.0929083526134491,0.0929083526134491,4
38,num__Tenure,0.0,0.0,17
38,cat__Sex_M,0.0,0.0,28
4,num__VolumeCred,0.3016716539859772,0.3016716539859772,1
4,num__VolumeCred_CA,0.24599815905094147,0.24599815905094147,7
4,num__TransactionsCred,0.0,0.0,2
4,num__TransactionsCred_CA,0.0,0.0,12
4,num__VolumeDeb,0.0,0.0,26
4,num__VolumeDeb_CA,0.0,0.0,25
4,num__VolumeDebCash_Card,0.2510935664176941,0.2510935664176941,24
4,num__VolumeDebCashless_Card,0.0,0.0,23
4,num__VolumeDeb_PaymentOrder,0.0,0.0,22
4,num__TransactionsDeb,0.0,0.0,21
4,num__TransactionsDeb_CA,0.0,0.0,20
4,num__TransactionsDebCash_Card,0.20123665034770966,0.20123665034770966,19
4,num__TransactionsDebCashless_Card,0.0,0.0,18
4,num__TransactionsDeb_PaymentOrder,0.0,0.0,17
4,num__Count_CA,0.0,0.0,16
4,num__Count_SA,0.0,0.0,14
4,num__Count_MF,0.0,0.0,27
4,num__Count_OVD,0.0,0.0,13
4,num__Count_CC,0.0,0.0,11
4,num__Count_CL,0.0,0.0,10
4,num__ActBal_SA,0.0,0.0,9
4,num__ActBal_MF,0.0,0.0,8
4,num__ActBal_OVD,0.0,0.0,6
4,num__ActBal_CC,0.0,0.0,5
4,num__ActBal_CL,0.0,0.0,4
4,num__Age,0.0,0.0,3
4,num__Tenure,0.0,0.0,15
4,cat__Sex_M,0.0,0.0,28
14,num__VolumeCred,0.04137587174773216,0.04137587174773216,10
14,num__VolumeCred_CA,0.04539730027318001,0.04539730027318001,13
14,num__TransactionsCred,0.029211951419711113,0.029211951419711113,21
14,num__TransactionsCred_CA,0.028446177020668983,0.028446177020668983,6
14,num__VolumeDeb,0.04336704686284065,0.04336704686284065,7
14,num__VolumeDeb_CA,0.0507485568523407,0.0507485568523407,26
14,num__VolumeDebCash_Card,0.05052800476551056,0.05052800476551056,12
14,num__VolumeDebCashless_Card,0.041763804852962494,0.041763804852962494,17
14,num__VolumeDeb_PaymentOrder,0.04281232878565788,0.04281232878565788,2
14,num__TransactionsDeb,0.0816817507147789,0.0816817507147789,15
14,num__TransactionsDeb_CA,0.03877329081296921,0.03877329081296921,5
14,num__TransactionsDebCash_Card,0.05012641102075577,0.05012641102075577,9
14,num__TransactionsDebCashless_Card,0.06637086719274521,0.06637086719274521,8
14,num__TransactionsDeb_PaymentOrder,0.03380030766129494,0.03380030766129494,27
14,num__Count_CA,0.04465736821293831,0.04465736821293831,1
14,num__Count_SA,0.0,0.0,23
14,num__Count_MF,0.04691286012530327,0.04691286012530327,18
14,num__Count_OVD,0.03975870832800865,0.03975870832800865,11
14,num__Count_CC,0.0,0.0,24
14,num__Count_CL,0.0,0.0,14
14,num__ActBal_SA,0.052443526685237885,0.052443526685237885,3
14,num__ActBal_MF,0.0,0.0,4
14,num__ActBal_OVD,0.041084785014390945,0.041084785014390945,19
14,num__ActBal_CC,0.038691457360982895,0.038691457360982895,22
14,num__ActBal_CL,0.0,0.0,16
14,num__Age,0.05031632259488106,0.05031632259488106,25
14,num__Tenure,0.0417313314974308,0.0417313314974308,20
14,cat__Sex_M,0.0,0.0,28
15,num__VolumeCred,0.036192234605550766,0.036192238330841064,25
15,num__VolumeCred_CA,0.03751225769519806,0.03751226142048836,20
15,num__TransactionsCred,0.034804657101631165,0.03480466082692146,26
15,num__TransactionsCred_CA,0.0333111509680748,0.0333111546933651,7
15,num__VolumeDeb,0.035764288157224655,0.035764291882514954,18
15,num__VolumeDeb_CA,0.032482411712408066,0.032482415437698364,23
15,num__VolumeDebCash_Card,0.04492798075079918,0.04492798447608948,22
15,num__VolumeDebCashless_Card,0.03750398010015488,0.037503983825445175,2
15,num__VolumeDeb_PaymentOrder,0.03450591862201691,0.034505922347307205,8
15,num__TransactionsDeb,0.03518776223063469,0.03518776595592499,13
15,num__TransactionsDeb_CA,0.03631359711289406,0.03631360083818436,11
15,num__TransactionsDebCash_Card,0.03387625515460968,0.03387625887989998,1
15,num__TransactionsDebCashless_Card,0.03699349984526634,0.03699350357055664,24
15,num__TransactionsDeb_PaymentOrder,0.03128878027200699,0.03128878399729729,5
15,num__Count_CA,0.02700156532227993,0.02700156718492508,10
15,num__Count_SA,0.03389810025691986,0.03389810398221016,3
15,num__Count_MF,0.03411028906702995,0.03411029279232025,9
15,num__Count_OVD,0.04183781147003174,0.04183781519532204,17
15,num__Count_CC,0.0,0.0,16
15,num__Count_CL,0.05078066512942314,0.05078066885471344,12
15,num__ActBal_SA,0.03236645087599754,0.03236645460128784,4
15,num__ActBal_MF,0.037844281643629074,0.03784428536891937,28
15,num__ActBal_OVD,0.03812970593571663,0.03812970966100693,6
15,num__ActBal_CC,0.036003343760967255,0.03600334748625755,21
15,num__ActBal_CL,0.058151230216026306,0.058151233941316605,14
15,num__Age,0.04533423110842705,0.045334234833717346,27
15,num__Tenure,0.031118126586079597,0.031118128448724747,15
15,cat__Sex_M,0.03275934234261513,0.032759346067905426,19
34,num__VolumeCred,0.05366887152194977,0.05366887152194977,18
34,num__VolumeCred_CA,0.0658043697476387,0.0658043697476387,26
34,num__TransactionsCred,0.055077243596315384,0.055077243596315384,17
34,num__TransactionsCred_CA,0.0,0.0,2
34,num__VolumeDeb,0.06283193081617355,0.06283193081617355,13
34,num__VolumeDeb_CA,0.0,0.0,7
34,num__VolumeDebCash_Card,0.0635252594947815,0.0635252594947815,5
34,num__VolumeDebCashless_Card,0.05287134647369385,0.05287134647369385,11
34,num__VolumeDeb_PaymentOrder,0.04358461871743202,0.04358461871743202,24
34,num__TransactionsDeb,0.04152784124016762,0.04152784124016762,3
34,num__TransactionsDeb_CA,0.06002287194132805,0.06002287194132805,1
34,num__TransactionsDebCash_Card,0.044010743498802185,0.044010743498802185,8
34,num__TransactionsDebCashless_Card,0.0646960511803627,0.0646960511803627,27
34,num__TransactionsDeb_PaymentOrder,0.0,0.0,12
34,num__Count_CA,0.0,0.0,9
34,num__Count_SA,0.0,0.0,23
34,num__Count_MF,0.06581668555736542,0.06581668555736542,10
34,num__Count_OVD,0.10866986960172653,0.10866986960172653,25
34,num__Count_CC,0.0,0.0,22
34,num__Count_CL,0.0,0.0,21
34,num__ActBal_SA,0.0,0.0,14
34,num__ActBal_MF,0.0,0.0,19
34,num__ActBal_OVD,0.04238419979810715,0.04238419979810715,16
34,num__ActBal_CC,0.05876658856868744,0.05876658856868744,15
34,num__ActBal_CL,0.0,0.0,6
34,num__Age,0.06893044710159302,0.06893044710159302,4
34,num__Tenure,0.04781108349561691,0.04781108349561691,20
34,cat__Sex_M,0.0,0.0,28
7,num__VolumeCred,0.061882875859737396,0.061882875859737396,10
7,num__VolumeCred_CA,0.051934678107500076,0.051934678107500076,21
7,num__TransactionsCred,0.0,0.0,11
7,num__TransactionsCred_CA,0.0,0.0,26
7,num__VolumeDeb,0.05460423231124878,0.05460423231124878,7
7,num__VolumeDeb_CA,0.03327418118715286,0.03327418118715286,1
7,num__VolumeDebCash_Card,0.06387490779161453,0.06387490779161453,18
7,num__VolumeDebCashless_Card,0.0232468843460083,0.0232468843460083,17
7,num__VolumeDeb_PaymentOrder,0.03660114109516144,0.03660114109516144,5
7,num__TransactionsDeb,0.0936327576637268,0.0936327576637268,24
7,num__TransactionsDeb_CA,0.08079686760902405,0.08079686760902405,2
7,num__TransactionsDebCash_Card,0.04238441213965416,0.04238441213965416,13
7,num__TransactionsDebCashless_Card,0.05108361318707466,0.05108361318707466,12
7,num__TransactionsDeb_PaymentOrder,0.023872969672083855,0.023872969672083855,28
7,num__Count_CA,0.0,0.0,9
7,num__Count_SA,0.0,0.0,6
7,num__Count_MF,0.05576298013329506,0.05576298013329506,27
7,num__Count_OVD,0.057200320065021515,0.057200320065021515,14
7,num__Count_CC,0.0,0.0,8
7,num__Count_CL,0.0,0.0,15
7,num__ActBal_SA,0.08564997464418411,0.08564997464418411,16
7,num__ActBal_MF,0.0,0.0,19
7,num__ActBal_OVD,0.0,0.0,20
7,num__ActBal_CC,0.052767522633075714,0.052767522633075714,22
7,num__ActBal_CL,0.0,0.0,23
7,num__Age,0.06438727676868439,0.06438727676868439,4
7,num__Tenure,0.030022745952010155,0.030022745952010155,25
7,cat__Sex_M,0.03701965883374214,0.03701965883374214,3
36,num__VolumeCred,0.04063921421766281,0.04063921049237251,18
36,num__VolumeCred_CA,0.05244515836238861,0.052445150911808014,8
36,num__TransactionsCred,0.04676409438252449,0.04676409065723419,26
36,num__TransactionsCred_CA,0.0,0.0,11
36,num__VolumeDeb,0.04548673704266548,0.04548673331737518,6
36,num__VolumeDeb_CA,0.05543496087193489,0.055434953421354294,2
36,num__VolumeDebCash_Card,0.050298526883125305,0.05029851943254471,28
36,num__VolumeDebCashless_Card,0.07032536715269089,0.07032535970211029,7
36,num__VolumeDeb_PaymentOrder,0.03330172970890999,0.03330172598361969,3
36,num__TransactionsDeb,0.040312688797712326,0.04031268507242203,13
36,num__TransactionsDeb_CA,0.056926071643829346,0.05692606419324875,5
36,num__TransactionsDebCash_Card,0.0332220159471035,0.0332220122218132,22
36,num__TransactionsDebCashless_Card,0.045960500836372375,0.04596049711108208,17
36,num__TransactionsDeb_PaymentOrder,0.0,0.0,24
36,num__Count_CA,0.0,0.0,1
36,num__Count_SA,0.0,0.0,10
36,num__Count_MF,0.044068191200494766,0.04406818747520447,21
36,num__Count_OVD,0.07987046986818314,0.07987046241760254,27
36,num__Count_CC,0.0,0.0,9
36,num__Count_CL,0.0,0.0,12
36,num__ActBal_SA,0.04015738517045975,0.04015738144516945,23
36,num__ActBal_MF,0.044548243284225464,0.044548239558935165,16
36,num__ActBal_OVD,0.03241773694753647,0.03241773322224617,19
36,num__ActBal_CC,0.04165688157081604,0.04165687784552574,20
36,num__ActBal_CL,0.0,0.0,25
36,num__Age,0.057676613330841064,0.05767660588026047,4
36,num__Tenure,0.036596424877643585,0.03659642115235329,15
36,cat__Sex_M,0.05189111456274986,0.051891107112169266,14
37,num__VolumeCred,0.05129339545965195,0.05129339545965195,26
37,num__VolumeCred_CA,0.054951898753643036,0.054951898753643036,13
37,num__TransactionsCred,0.021324556320905685,0.021324556320905685,21
37,num__TransactionsCred_CA,0.04450293257832527,0.04450293257832527,7
37,num__VolumeDeb,0.047035735100507736,0.047035735100507736,11
37,num__VolumeDeb_CA,0.03907379135489464,0.03907379135489464,10
37,num__VolumeDebCash_Card,0.06390076130628586,0.06390076130628586,17
37,num__VolumeDebCashless_Card,0.045563384890556335,0.045563384890556335,2
37,num__VolumeDeb_PaymentOrder,0.039724014699459076,0.039724014699459076,24
37,num__TransactionsDeb,0.058673713356256485,0.058673713356256485,1
37,num__TransactionsDeb_CA,0.058747798204422,0.058747798204422,5
37,num__TransactionsDebCash_Card,0.045477163046598434,0.045477163046598434,8
37,num__TransactionsDebCashless_Card,0.06538063287734985,0.06538063287734985,12
37,num__TransactionsDeb_PaymentOrder,0.03034781850874424,0.03034781850874424,4
37,num__Count_CA,0.0,0.0,27
37,num__Count_SA,0.019117921590805054,0.019117921590805054,9
37,num__Count_MF,0.05550592020153999,0.05550592020153999,6
37,num__Count_OVD,0.0,0.0,28
37,num__Count_CC,0.0,0.0,14
37,num__Count_CL,0.0,0.0,3
37,num__ActBal_SA,0.06523783504962921,0.06523783504962921,16
37,num__ActBal_MF,0.0,0.0,19
37,num__ActBal_OVD,0.0,0.0,20
37,num__ActBal_CC,0.053026288747787476,0.053026288747787476,22
37,num__ActBal_CL,0.0,0.0,23
37,num__Age,0.06927073001861572,0.06927073001861572,15
37,num__Tenure,0.040424276143312454,0.040424276143312454,25
37,cat__Sex_M,0.03141939267516136,0.03141939267516136,18
3,num__VolumeCred,0.13151660561561584,0.13151660561561584,2
3,num__VolumeCred_CA,0.1961977630853653,0.1961977630853653,26
3,num__TransactionsCred,0.0,0.0,7
3,num__TransactionsCred_CA,0.0,0.0,1
3,num__VolumeDeb,0.0,0.0,9
3,num__VolumeDeb_CA,0.10513145476579666,0.10513145476579666,12
3,num__VolumeDebCash_Card,0.13210274279117584,0.13210274279117584,6
3,num__VolumeDebCashless_Card,0.0,0.0,25
3,num__VolumeDeb_PaymentOrder,0.12310472875833511,0.12310472875833511,24
3,num__TransactionsDeb,0.0,0.0,23
3,num__TransactionsDeb_CA,0.0,0.0,22
3,num__TransactionsDebCash_Card,0.12126871943473816,0.12126871943473816,21
3,num__TransactionsDebCashless_Card,0.0,0.0,20
3,num__TransactionsDeb_PaymentOrder,0.0,0.0,19
3,num__Count_CA,0.0,0.0,18
3,num__Count_SA,0.0,0.0,17
3,num__Count_MF,0.0,0.0,14
3,num__Count_OVD,0.0,0.0,15
3,num__Count_CC,0.0,0.0,27
3,num__Count_CL,0.0,0.0,13
3,num__ActBal_SA,0.0,0.0,11
3,num__ActBal_MF,0.0,0.0,10
3,num__ActBal_OVD,0.0,0.0,8
3,num__ActBal_CC,0.0,0.0,5
3,num__ActBal_CL,0.0,0.0,4
3,num__Age,0.19067800045013428,0.19067800045013428,3
3,num__Tenure,0.0,0.0,16
3,cat__Sex_M,0.0,0.0,28
23,num__VolumeCred,0.05464019626379013,0.05464019626379013,11
23,num__VolumeCred_CA,0.04893113672733307,0.04893113672733307,10
23,num__TransactionsCred,0.01901128888130188,0.01901128888130188,8
23,num__TransactionsCred_CA,0.037406064569950104,0.037406064569950104,6
23,num__VolumeDeb,0.05482015758752823,0.05482015758752823,7
23,num__VolumeDeb_CA,0.06324993818998337,0.06324993818998337,9
23,num__VolumeDebCash_Card,0.05772743001580238,0.05772743001580238,5
23,num__VolumeDebCashless_Card,0.06871476769447327,0.06871476769447327,1
23,num__VolumeDeb_PaymentOrder,0.05764000862836838,0.05764000862836838,26
23,num__TransactionsDeb,0.10668706893920898,0.10668706893920898,2
23,num__TransactionsDeb_CA,0.1256449669599533,0.1256449669599533,21
23,num__TransactionsDebCash_Card,0.03718777000904083,0.03718777000904083,24
23,num__TransactionsDebCashless_Card,0.03716632351279259,0.03716632351279259,4
23,num__TransactionsDeb_PaymentOrder,0.0,0.0,12
23,num__Count_CA,0.0,0.0,13
23,num__Count_SA,0.0,0.0,28
23,num__Count_MF,0.0,0.0,18
23,num__Count_OVD,0.03024863637983799,0.03024863637983799,27
23,num__Count_CC,0.0,0.0,3
23,num__Count_CL,0.0,0.0,17
23,num__ActBal_SA,0.046186789870262146,0.046186789870262146,19
23,num__ActBal_MF,0.0,0.0,20
23,num__ActBal_OVD,0.0,0.0,15
23,num__ActBal_CC,0.04195123910903931,0.04195123910903931,22
23,num__ActBal_CL,0.0,0.0,23
23,num__Age,0.051214031875133514,0.051214031875133514,25
23,num__Tenure,0.027502456679940224,0.027502456679940224,16
23,cat__Sex_M,0.03406970947980881,0.03406970947980881,14
12,num__VolumeCred,0.048488449305295944,0.04848845675587654,26
12,num__VolumeCred_CA,0.04868956282734871,0.048689570277929306,11
12,num__TransactionsCred,0.03271527588367462,0.03271527960896492,7
12,num__TransactionsCred_CA,0.04035335034132004,0.040353354066610336,13
12,num__VolumeDeb,0.046327199786901474,0.04632720351219177,17
12,num__VolumeDeb_CA,0.04380287975072861,0.043802883476018906,2
12,num__VolumeDebCash_Card,0.05406203120946884,0.05406203866004944,1
12,num__VolumeDebCashless_Card,0.042697180062532425,0.04269718378782272,24
12,num__VolumeDeb_PaymentOrder,0.042784806340932846,0.042784810066223145,10
12,num__TransactionsDeb,0.04788760468363762,0.047887612134218216,5
12,num__TransactionsDeb_CA,0.06193626672029495,0.06193627417087555,21
12,num__TransactionsDebCash_Card,0.043948881328105927,0.043948885053396225,12
12,num__TransactionsDebCashless_Card,0.05286111682653427,0.05286112427711487,6
12,num__TransactionsDeb_PaymentOrder,0.031511321663856506,0.031511325389146805,9
12,num__Count_CA,0.0,0.0,8
12,num__Count_SA,0.01931961067020893,0.01931961253285408,4
12,num__Count_MF,0.048817992210388184,0.04881799966096878,23
12,num__Count_OVD,0.0,0.0,27
12,num__Count_CC,0.0,0.0,28
12,num__Count_CL,0.0,0.0,3
12,num__ActBal_SA,0.0453147292137146,0.0453147329390049,14
12,num__ActBal_MF,0.02301681973040104,0.02301682159304619,22
12,num__ActBal_OVD,0.03975081443786621,0.03975081816315651,16
12,num__ActBal_CC,0.04838792607188225,0.048387933522462845,20
12,num__ActBal_CL,0.0,0.0,18
12,num__Age,0.06468013674020767,0.06468014419078827,15
12,num__Tenure,0.03705957904458046,0.03705958276987076,25
12,cat__Sex_M,0.035586386919021606,0.035586390644311905,19
24,num__VolumeCred,0.03387487307190895,0.03387487679719925,13
24,num__VolumeCred_CA,0.03354964032769203,0.03354964405298233,10
24,num__TransactionsCred,0.032876431941986084,0.03287643566727638,18
24,num__TransactionsCred_CA,0.0346793532371521,0.0346793569624424,26
24,num__VolumeDeb,0.040335722267627716,0.040335725992918015,12
24,num__VolumeDeb_CA,0.044309601187705994,0.04430960491299629,6
24,num__VolumeDebCash_Card,0.03942257910966873,0.03942258283495903,21
24,num__VolumeDebCashless_Card,0.03895208239555359,0.03895208612084389,11
24,num__VolumeDeb_PaymentOrder,0.029191896319389343,0.029191898182034492,27
24,num__TransactionsDeb,0.05570492520928383,0.05570492893457413,15
24,num__TransactionsDeb_CA,0.041426144540309906,0.041426148265600204,5
24,num__TransactionsDebCash_Card,0.04747477546334267,0.047474779188632965,24
24,num__TransactionsDebCashless_Card,0.06188512220978737,0.06188512593507767,7
24,num__TransactionsDeb_PaymentOrder,0.03234120458364487,0.032341208308935165,22
24,num__Count_CA,0.04040893167257309,0.04040893539786339,8
24,num__Count_SA,0.028319017961621284,0.028319019824266434,17
24,num__Count_MF,0.038142357021570206,0.038142360746860504,23
24,num__Count_OVD,0.0512809120118618,0.0512809157371521,4
24,num__Count_CC,0.0,0.0,1
24,num__Count_CL,0.0,0.0,2
24,num__ActBal_SA,0.04421984776854515,0.04421985149383545,3
24,num__ActBal_MF,0.03939084708690643,0.03939085081219673,14
24,num__ActBal_OVD,0.037037819623947144,0.03703782334923744,9
24,num__ActBal_CC,0.040160927921533585,0.04016093164682388,16
24,num__ActBal_CL,0.0,0.0,28
24,num__Age,0.04979177191853523,0.04979177564382553,19
24,num__Tenure,0.04089058190584183,0.040890585631132126,25
24,cat__Sex_M,0.024332640692591667,0.024332642555236816,20
1,num__VolumeCred,0.030605334788560867,0.030605334788560867,18
1,num__VolumeCred_CA,0.03150709718465805,0.03150709718465805,28
1,num__TransactionsCred,0.029213519766926765,0.029213519766926765,7
1,num__TransactionsCred_CA,0.0287630595266819,0.0287630595266819,26
1,num__VolumeDeb,0.03271910548210144,0.03271910548210144,23
1,num__VolumeDeb_CA,0.03151314705610275,0.03151314705610275,13
1,num__VolumeDebCash_Card,0.0438481941819191,0.0438481941819191,22
1,num__VolumeDebCashless_Card,0.035337433218955994,0.035337433218955994,24
1,num__VolumeDeb_PaymentOrder,0.030117793008685112,0.030117793008685112,27
1,num__TransactionsDeb,0.037984900176525116,0.037984900176525116,16
1,num__TransactionsDeb_CA,0.03627902269363403,0.03627902269363403,10
1,num__TransactionsDebCash_Card,0.036121174693107605,0.036121174693107605,11
1,num__TransactionsDebCashless_Card,0.04179691895842552,0.04179691895842552,12
1,num__TransactionsDeb_PaymentOrder,0.025924447923898697,0.025924447923898697,21
1,num__Count_CA,0.03209514915943146,0.03209514915943146,20
1,num__Count_SA,0.03872523084282875,0.03872523084282875,8
1,num__Count_MF,0.03452621400356293,0.03452621400356293,17
1,num__Count_OVD,0.04540432244539261,0.04540432244539261,5
1,num__Count_CC,0.027690734714269638,0.027690734714269638,15
1,num__Count_CL,0.03547315299510956,0.03547315299510956,6
1,num__ActBal_SA,0.03551165387034416,0.03551165387034416,2
1,num__ActBal_MF,0.04142485186457634,0.04142485186457634,1
1,num__ActBal_OVD,0.042939193546772,0.042939193546772,9
1,num__ActBal_CC,0.040957193821668625,0.040957193821668625,3
1,num__ActBal_CL,0.02697240747511387,0.02697240747511387,4
1,num__Age,0.04295521602034569,0.04295521602034569,19
1,num__Tenure,0.03905589506030083,0.03905589506030083,25
1,cat__Sex_M,0.04453767091035843,0.04453767091035843,14
33,num__VolumeCred,0.03269548341631889,0.03269548714160919,13
33,num__VolumeCred_CA,0.039456795901060104,0.0394567996263504,26
33,num__TransactionsCred,0.03301316127181053,0.03301316499710083,16
33,num__TransactionsCred_CA,0.03447144478559494,0.03447144851088524,28
33,num__VolumeDeb,0.03558184206485748,0.03558184579014778,11
33,num__VolumeDeb_CA,0.0359015129506588,0.0359015166759491,18
33,num__VolumeDebCash_Card,0.042642585933208466,0.042642589658498764,8
33,num__VolumeDebCashless_Card,0.04306741803884506,0.04306742176413536,7
33,num__VolumeDeb_PaymentOrder,0.032982513308525085,0.032982517033815384,17
33,num__TransactionsDeb,0.041633449494838715,0.04163345322012901,10
33,num__TransactionsDeb_CA,0.04424334689974785,0.04424335062503815,27
33,num__TransactionsDebCash_Card,0.03639302775263786,0.03639303147792816,24
33,num__TransactionsDebCashless_Card,0.05068504437804222,0.05068505182862282,21
33,num__TransactionsDeb_PaymentOrder,0.033134352415800095,0.03313435614109039,15
33,num__Count_CA,0.03991810604929924,0.03991810977458954,2
33,num__Count_SA,0.046013034880161285,0.046013038605451584,22
33,num__Count_MF,0.041894566267728806,0.041894569993019104,23
33,num__Count_OVD,0.04368613287806511,0.04368613660335541,12
33,num__Count_CC,0.0,0.0,6
33,num__Count_CL,0.0,0.0,5
33,num__ActBal_SA,0.0403280109167099,0.0403280146420002,4
33,num__ActBal_MF,0.03857799246907234,0.03857799619436264,14
33,num__ActBal_OVD,0.03850887715816498,0.038508880883455276,3
33,num__ActBal_CC,0.04118543863296509,0.041185442358255386,9
33,num__ActBal_CL,0.0,0.0,1
33,num__Age,0.04836428910493851,0.048364296555519104,19
33,num__Tenure,0.0413237102329731,0.0413237139582634,25
33,cat__Sex_M,0.044297780841588974,0.04429778456687927,20
29,num__VolumeCred,0.05917351692914963,0.05917351692914963,11
29,num__VolumeCred_CA,0.05007608234882355,0.05007608234882355,5
29,num__TransactionsCred,0.03807053714990616,0.03807053714990616,8
29,num__TransactionsCred_CA,0.05191636085510254,0.05191636085510254,7
29,num__VolumeDeb,0.07214201241731644,0.07214201241731644,1
29,num__VolumeDeb_CA,0.04591768980026245,0.04591768980026245,26
29,num__VolumeDebCash_Card,0.06694263964891434,0.06694263964891434,4
29,num__VolumeDebCashless_Card,0.07037508487701416,0.07037508487701416,13
29,num__VolumeDeb_PaymentOrder,0.03515266999602318,0.03515266999602318,21
29,num__TransactionsDeb,0.02132626250386238,0.02132626250386238,2
29,num__TransactionsDeb_CA,0.13066497445106506,0.13066497445106506,24
29,num__TransactionsDebCash_Card,0.045716654509305954,0.045716654509305954,6
29,num__TransactionsDebCashless_Card,0.05118158087134361,0.05118158087134361,12
29,num__TransactionsDeb_PaymentOrder,0.0,0.0,3
29,num__Count_CA,0.0,0.0,28
29,num__Count_SA,0.0,0.0,9
29,num__Count_MF,0.0,0.0,27
29,num__Count_OVD,0.032668691128492355,0.032668691128492355,18
29,num__Count_CC,0.0,0.0,10
29,num__Count_CL,0.0,0.0,16
29,num__ActBal_SA,0.051172561943531036,0.051172561943531036,17
29,num__ActBal_MF,0.0,0.0,19
29,num__ActBal_OVD,0.0,0.0,20
29,num__ActBal_CC,0.04874424263834953,0.04874424263834953,22
29,num__ActBal_CL,0.0,0.0,23
29,num__Age,0.05836832895874977,0.05836832895874977,25
29,num__Tenure,0.033908210694789886,0.033908210694789886,15
29,cat__Sex_M,0.03648192062973976,0.03648192062973976,14
50,num__VolumeCred,0.03059893101453781,0.030598927289247513,20
50,num__VolumeCred_CA,0.033367712050676346,0.03336770832538605,26
50,num__TransactionsCred,0.030572684481739998,0.0305726807564497,13
50,num__TransactionsCred_CA,0.03114544413983822,0.03114544041454792,7
50,num__VolumeDeb,0.031687527894973755,0.031687524169683456,18
50,num__VolumeDeb_CA,0.03263457864522934,0.03263457491993904,8
50,num__VolumeDebCash_Card,0.042510490864515305,0.042510487139225006,23
50,num__VolumeDebCashless_Card,0.04097004979848862,0.04097004607319832,10
50,num__VolumeDeb_PaymentOrder,0.03261255472898483,0.032612551003694534,21
50,num__TransactionsDeb,0.03928983211517334,0.03928982838988304,11
50,num__TransactionsDeb_CA,0.038724448531866074,0.038724444806575775,22
50,num__TransactionsDebCash_Card,0.03504588454961777,0.03504588082432747,17
50,num__TransactionsDebCashless_Card,0.04369736090302467,0.043697357177734375,24
50,num__TransactionsDeb_PaymentOrder,0.02913116291165352,0.02913115918636322,12
50,num__Count_CA,0.024087203666567802,0.024087199941277504,16
50,num__Count_SA,0.03482035547494888,0.034820351749658585,27
50,num__Count_MF,0.03805677220225334,0.03805676847696304,2
50,num__Count_OVD,0.04110421612858772,0.041104212403297424,6
50,num__Count_CC,0.03238728269934654,0.032387278974056244,9
50,num__Count_CL,0.04765760153532028,0.047657594084739685,19
50,num__ActBal_SA,0.038824137300252914,0.038824133574962616,5
50,num__ActBal_MF,0.03833773732185364,0.03833773359656334,4
50,num__ActBal_OVD,0.04049190878868103,0.04049190506339073,1
50,num__ActBal_CC,0.037111829966306686,0.03711182624101639,3
50,num__ActBal_CL,0.02810160256922245,0.028101598843932152,14
50,num__Age,0.04485061764717102,0.04485061392188072,28
50,num__Tenure,0.03380070626735687,0.033800702542066574,25
50,cat__Sex_M,0.02837938815355301,0.02837938442826271,15
5,num__VolumeCred,0.035185571759939194,0.03518557548522949,25
5,num__VolumeCred_CA,0.03629283234477043,0.03629283607006073,20
5,num__TransactionsCred,0.02929043583571911,0.029290439561009407,18
5,num__TransactionsCred_CA,0.028641633689403534,0.028641637414693832,10
5,num__VolumeDeb,0.03214564174413681,0.03214564546942711,6
5,num__VolumeDeb_CA,0.04466411471366882,0.04466411843895912,17
5,num__VolumeDebCash_Card,0.03814784809947014,0.03814785182476044,23
5,num__VolumeDebCashless_Card,0.03656642138957977,0.03656642511487007,26
5,num__VolumeDeb_PaymentOrder,0.028566332533955574,0.028566336259245872,11
5,num__TransactionsDeb,0.045110851526260376,0.045110855251550674,7
5,num__TransactionsDeb_CA,0.03902038559317589,0.039020389318466187,13
5,num__TransactionsDebCash_Card,0.0315677784383297,0.031567782163619995,8
5,num__TransactionsDebCashless_Card,0.0373140349984169,0.0373140387237072,2
5,num__TransactionsDeb_PaymentOrder,0.033643633127212524,0.03364363685250282,1
5,num__Count_CA,0.0,0.0,21
5,num__Count_SA,0.02713235281407833,0.02713235653936863,14
5,num__Count_MF,0.04456936940550804,0.04456937313079834,27
5,num__Count_OVD,0.04938675835728645,0.04938676580786705,22
5,num__Count_CC,0.0,0.0,5
5,num__Count_CL,0.054822083562612534,0.05482209101319313,24
5,num__ActBal_SA,0.0339699387550354,0.0339699424803257,12
5,num__ActBal_MF,0.03234878182411194,0.03234878554940224,28
5,num__ActBal_OVD,0.04414544254541397,0.04414544627070427,3
5,num__ActBal_CC,0.031573209911584854,0.03157321363687515,4
5,num__ActBal_CL,0.08216123282909393,0.08216124027967453,9
5,num__Age,0.04011884331703186,0.04011884704232216,16
5,num__Tenure,0.032629549503326416,0.032629553228616714,15
5,cat__Sex_M,0.03098481521010399,0.030984818935394287,19
17,num__VolumeCred,0.039996977895498276,0.03999697417020798,20
17,num__VolumeCred_CA,0.041251473128795624,0.041251469403505325,18
17,num__TransactionsCred,0.0401090607047081,0.0401090569794178,26
17,num__TransactionsCred_CA,0.03404373303055763,0.034043729305267334,6
17,num__VolumeDeb,0.04119344800710678,0.04119344428181648,7
17,num__VolumeDeb_CA,0.045538291335105896,0.0455382876098156,8
17,num__VolumeDebCash_Card,0.04334580525755882,0.043345801532268524,2
17,num__VolumeDebCashless_Card,0.04248768463730812,0.04248768091201782,5
17,num__VolumeDeb_PaymentOrder,0.0351327620446682,0.0351327583193779,17
17,num__TransactionsDeb,0.03324073925614357,0.03324073553085327,3
17,num__TransactionsDeb_CA,0.03912417218089104,0.03912416845560074,1
17,num__TransactionsDebCash_Card,0.028167322278022766,0.028167318552732468,22
17,num__TransactionsDebCashless_Card,0.03699326887726784,0.03699326515197754,24
17,num__TransactionsDeb_PaymentOrder,0.02602902241051197,0.026029018685221672,11
17,num__Count_CA,0.0,0.0,13
17,num__Count_SA,0.02492552250623703,0.02492551878094673,21
17,num__Count_MF,0.04085162654519081,0.04085162281990051,27
17,num__Count_OVD,0.06229379400610924,0.06229378655552864,9
17,num__Count_CC,0.0,0.0,23
17,num__Count_CL,0.07754649966955185,0.07754649221897125,4
17,num__ActBal_SA,0.036759477108716965,0.036759473383426666,28
17,num__ActBal_MF,0.03956230357289314,0.039562299847602844,10
17,num__ActBal_OVD,0.03405696153640747,0.03405695781111717,12
17,num__ActBal_CC,0.03934568539261818,0.03934568166732788,14
17,num__ActBal_CL,0.0,0.0,16
17,num__Age,0.04858586564660072,0.048585858196020126,15
17,num__Tenure,0.03569306060671806,0.035693056881427765,25
17,cat__Sex_M,0.03372545540332794,0.03372545167803764,19
6,num__VolumeCred,0.05752934515476227,0.05752933770418167,11
6,num__VolumeCred_CA,0.04979553446173668,0.04979552701115608,8
6,num__TransactionsCred,0.018396947532892227,0.018396945670247078,7
6,num__TransactionsCred_CA,0.04300857335329056,0.04300856962800026,10
6,num__VolumeDeb,0.05188485607504845,0.05188484862446785,1
6,num__VolumeDeb_CA,0.0538414902985096,0.053841482847929,17
6,num__VolumeDebCash_Card,0.06304539740085602,0.06304538995027542,21
6,num__VolumeDebCashless_Card,0.06661570072174072,0.06661569327116013,26
6,num__VolumeDeb_PaymentOrder,0.03628456965088844,0.036284565925598145,6
6,num__TransactionsDeb,0.06254943460226059,0.06254942715167999,5
6,num__TransactionsDeb_CA,0.10207325965166092,0.10207324475049973,2
6,num__TransactionsDebCash_Card,0.03898102417588234,0.03898102045059204,24
6,num__TransactionsDebCashless_Card,0.04076332971453667,0.04076332598924637,4
6,num__TransactionsDeb_PaymentOrder,0.0,0.0,13
6,num__Count_CA,0.0,0.0,12
6,num__Count_SA,0.0,0.0,27
6,num__Count_MF,0.056053221225738525,0.05605321377515793,9
6,num__Count_OVD,0.031043455004692078,0.03104345127940178,28
6,num__Count_CC,0.0,0.0,18
6,num__Count_CL,0.0,0.0,3
6,num__ActBal_SA,0.0553109310567379,0.0553109236061573,19
6,num__ActBal_MF,0.0,0.0,20
6,num__ActBal_OVD,0.0,0.0,16
6,num__ActBal_CC,0.04614953324198723,0.04614952951669693,22
6,num__ActBal_CL,0.0,0.0,23
6,num__Age,0.055143047124147415,0.05514303967356682,15
6,num__Tenure,0.036766745150089264,0.036766741424798965,25
6,cat__Sex_M,0.0347636379301548,0.0347636342048645,14
49,num__VolumeCred,0.037315938621759415,0.03731594234704971,26
49,num__VolumeCred_CA,0.037757933139801025,0.037757936865091324,7
49,num__TransactionsCred,0.034528639167547226,0.034528642892837524,13
49,num__TransactionsCred_CA,0.03211409971117973,0.03211410343647003,20
49,num__VolumeDeb,0.03843400627374649,0.03843400999903679,6
49,num__VolumeDeb_CA,0.03963318094611168,0.03963318467140198,8
49,num__VolumeDebCash_Card,0.04341914504766464,0.04341914877295494,18
49,num__VolumeDebCashless_Card,0.03932188078761101,0.039321884512901306,5
49,num__VolumeDeb_PaymentOrder,0.0355205275118351,0.0355205312371254,2
49,num__TransactionsDeb,0.036046478897333145,0.036046482622623444,1
49,num__TransactionsDeb_CA,0.036651335656642914,0.03665133938193321,11
49,num__TransactionsDebCash_Card,0.03563126176595688,0.03563126549124718,27
49,num__TransactionsDebCashless_Card,0.04303855076432228,0.04303855448961258,10
49,num__TransactionsDeb_PaymentOrder,0.028349628672003746,0.028349630534648895,12
49,num__Count_CA,0.026345353573560715,0.026345355436205864,9
49,num__Count_SA,0.03223031386733055,0.03223031759262085,17
49,num__Count_MF,0.03519577533006668,0.03519577905535698,23
49,num__Count_OVD,0.03894609585404396,0.03894609957933426,3
49,num__Count_CC,0.02874315343797207,0.028743155300617218,22
49,num__Count_CL,0.04120999947190285,0.041210003197193146,21
49,num__ActBal_SA,0.03352503851056099,0.03352504223585129,28
49,num__ActBal_MF,0.03442143276333809,0.03442143648862839,16
49,num__ActBal_OVD,0.03476304933428764,0.03476305305957794,4
49,num__ActBal_CC,0.03181573748588562,0.03181574121117592,24
49,num__ActBal_CL,0.02936413325369358,0.02936413511633873,25
49,num__Age,0.046039823442697525,0.046039827167987823,19
49,num__Tenure,0.03645669296383858,0.036456696689128876,14
49,cat__Sex_M,0.03318076208233833,0.03318076580762863,15
9,num__VolumeCred,0.056977514177560806,0.0569775216281414,11
9,num__VolumeCred_CA,0.052162110805511475,0.05216211825609207,21
9,num__TransactionsCred,0.03145873546600342,0.031458739191293716,26
9,num__TransactionsCred_CA,0.043027613312006,0.043027617037296295,10
9,num__VolumeDeb,0.05313146114349365,0.05313146859407425,1
9,num__VolumeDeb_CA,0.04101678356528282,0.04101678729057312,7
9,num__VolumeDebCash_Card,0.05651680380105972,0.05651681125164032,17
9,num__VolumeDebCashless_Card,0.049311235547065735,0.04931124299764633,5
9,num__VolumeDeb_PaymentOrder,0.042269233614206314,0.04226923733949661,24
9,num__TransactionsDeb,0.06237739697098732,0.06237740442156792,2
9,num__TransactionsDeb_CA,0.07279115915298462,0.07279116660356522,8
9,num__TransactionsDebCash_Card,0.040322043001651764,0.04032204672694206,13
9,num__TransactionsDebCashless_Card,0.045595865696668625,0.04559586942195892,4
9,num__TransactionsDeb_PaymentOrder,0.02756022848188877,0.02756023220717907,9
9,num__Count_CA,0.0,0.0,6
9,num__Count_SA,0.012621842324733734,0.012621844187378883,12
9,num__Count_MF,0.05591004341840744,0.05591005086898804,18
9,num__Count_OVD,0.03902347385883331,0.03902347758412361,27
9,num__Count_CC,0.0,0.0,3
9,num__Count_CL,0.0,0.0,14
9,num__ActBal_SA,0.06389293074607849,0.06389293819665909,16
9,num__ActBal_MF,0.0,0.0,19
9,num__ActBal_OVD,0.0,0.0,22
9,num__ActBal_CC,0.0522334948182106,0.0522335022687912,23
9,num__ActBal_CL,0.0,0.0,25
9,num__Age,0.06307550519704819,0.06307551264762878,15
9,num__Tenure,0.03872448578476906,0.03872448951005936,20
9,cat__Sex_M,0.0,0.0,28
2,num__VolumeCred,0.16101202368736267,0.16101200878620148,1
2,num__VolumeCred_CA,0.13891738653182983,0.13891737163066864,26
2,num__TransactionsCred,0.0,0.0,7
2,num__TransactionsCred_CA,0.0,0.0,2
2,num__VolumeDeb,0.0,0.0,24
2,num__VolumeDeb_CA,0.0,0.0,12
2,num__VolumeDebCash_Card,0.14831729233264923,0.14831727743148804,9
2,num__VolumeDebCashless_Card,0.0,0.0,27
2,num__VolumeDeb_PaymentOrder,0.08259569853544235,0.08259569108486176,25
2,num__TransactionsDeb,0.0,0.0,23
2,num__TransactionsDeb_CA,0.0,0.0,22
2,num__TransactionsDebCash_Card,0.10357724875211716,0.10357723385095596,21
2,num__TransactionsDebCashless_Card,0.0,0.0,20
2,num__TransactionsDeb_PaymentOrder,0.0,0.0,19
2,num__Count_CA,0.0,0.0,18
2,num__Count_SA,0.0,0.0,17
2,num__Count_MF,0.0,0.0,14
2,num__Count_OVD,0.0,0.0,15
2,num__Count_CC,0.0,0.0,13
2,num__Count_CL,0.0,0.0,11
2,num__ActBal_SA,0.0,0.0,10
2,num__ActBal_MF,0.0,0.0,8
2,num__ActBal_OVD,0.0,0.0,6
2,num__ActBal_CC,0.1337118297815323,0.1337118148803711,5
2,num__ActBal_CL,0.0,0.0,4
2,num__Age,0.15202033519744873,0.15202032029628754,3
2,num__Tenure,0.07984824478626251,0.07984823733568192,16
2,cat__Sex_M,0.0,0.0,28
32,num__VolumeCred,0.04949743300676346,0.049497440457344055,11
32,num__VolumeCred_CA,0.04738331213593483,0.04738331958651543,10
32,num__TransactionsCred,0.05201130732893944,0.052011314779520035,21
32,num__TransactionsCred_CA,0.032899171113967896,0.032899174839258194,26
32,num__VolumeDeb,0.049233198165893555,0.04923320561647415,17
32,num__VolumeDeb_CA,0.045940183103084564,0.04594018682837486,8
32,num__VolumeDebCash_Card,0.04936268925666809,0.04936269670724869,14
32,num__VolumeDebCashless_Card,0.05513845011591911,0.05513845756649971,3
32,num__VolumeDeb_PaymentOrder,0.038048289716243744,0.03804829344153404,13
32,num__TransactionsDeb,0.06140337884426117,0.061403386294841766,1
32,num__TransactionsDeb_CA,0.07412388175725937,0.07412388920783997,7
32,num__TransactionsDebCash_Card,0.0384531244635582,0.038453128188848495,5
32,num__TransactionsDebCashless_Card,0.05100192129611969,0.05100192874670029,2
32,num__TransactionsDeb_PaymentOrder,0.05383996665477753,0.053839974105358124,24
32,num__Count_CA,0.0,0.0,6
32,num__Count_SA,0.0,0.0,27
32,num__Count_MF,0.056155744940042496,0.05615575239062309,12
32,num__Count_OVD,0.03828049078583717,0.03828049451112747,18
32,num__Count_CC,0.0,0.0,9
32,num__Count_CL,0.0,0.0,4
32,num__ActBal_SA,0.06076406314969063,0.060764070600271225,25
32,num__ActBal_MF,0.0,0.0,23
32,num__ActBal_OVD,0.0,0.0,19
32,num__ActBal_CC,0.04671304300427437,0.04671304672956467,20
32,num__ActBal_CL,0.0,0.0,16
32,num__Age,0.05777052789926529,0.057770535349845886,15
32,num__Tenure,0.04197973385453224,0.04197973757982254,22
32,cat__Sex_M,0.0,0.0,28
13,num__VolumeCred,0.044144149869680405,0.044144149869680405,4
13,num__VolumeCred_CA,0.055854834616184235,0.055854834616184235,18
13,num__TransactionsCred,0.02850719541311264,0.02850719541311264,11
13,num__TransactionsCred_CA,0.06889624148607254,0.06889624148607254,26
13,num__VolumeDeb,0.04898417368531227,0.04898417368531227,13
13,num__VolumeDeb_CA,0.032373033463954926,0.032373033463954926,2
13,num__VolumeDebCash_Card,0.05527672916650772,0.05527672916650772,24
13,num__VolumeDebCashless_Card,0.05181216448545456,0.05181216448545456,7
13,num__VolumeDeb_PaymentOrder,0.03863474726676941,0.03863474726676941,8
13,num__TransactionsDeb,0.04046300798654556,0.04046300798654556,5
13,num__TransactionsDeb_CA,0.059469591826200485,0.059469591826200485,23
13,num__TransactionsDebCash_Card,0.039560675621032715,0.039560675621032715,21
13,num__TransactionsDebCashless_Card,0.056077465415000916,0.056077465415000916,17
13,num__TransactionsDeb_PaymentOrder,0.0,0.0,1
13,num__Count_CA,0.0,0.0,28
13,num__Count_SA,0.0,0.0,10
13,num__Count_MF,0.04473208263516426,0.04473208263516426,12
13,num__Count_OVD,0.06776221096515656,0.06776221096515656,9
13,num__Count_CC,0.0,0.0,6
13,num__Count_CL,0.0,0.0,3
13,num__ActBal_SA,0.047304049134254456,0.047304049134254456,27
13,num__ActBal_MF,0.0,0.0,16
13,num__ActBal_OVD,0.04822518303990364,0.04822518303990364,19
13,num__ActBal_CC,0.05531392619013786,0.05531392619013786,20
13,num__ActBal_CL,0.0,0.0,22
13,num__Age,0.058715756982564926,0.058715756982564926,25
13,num__Tenure,0.017046168446540833,0.017046168446540833,15
13,cat__Sex_M,0.04084659367799759,0.04084659367799759,14
52,num__VolumeCred,0.030700113624334335,0.030700113624334335,6
52,num__VolumeCred_CA,0.038815900683403015,0.038815900683403015,13
52,num__TransactionsCred,0.03683122247457504,0.03683122247457504,11
52,num__TransactionsCred_CA,0.03342016786336899,0.03342016786336899,18
52,num__VolumeDeb,0.0363873690366745,0.0363873690366745,22
52,num__VolumeDeb_CA,0.05627695843577385,0.05627695843577385,26
52,num__VolumeDebCash_Card,0.042322296649217606,0.042322296649217606,8
52,num__VolumeDebCashless_Card,0.042778126895427704,0.042778126895427704,7
52,num__VolumeDeb_PaymentOrder,0.037077389657497406,0.037077389657497406,21
52,num__TransactionsDeb,0.038592081516981125,0.038592081516981125,28
52,num__TransactionsDeb_CA,0.051576901227235794,0.051576901227235794,24
52,num__TransactionsDebCash_Card,0.03567705303430557,0.03567705303430557,2
52,num__TransactionsDebCashless_Card,0.055125560611486435,0.055125560611486435,10
52,num__TransactionsDeb_PaymentOrder,0.03777807578444481,0.03777807578444481,14
52,num__Count_CA,0.0,0.0,17
52,num__Count_SA,0.037047501653432846,0.037047501653432846,23
52,num__Count_MF,0.037277329713106155,0.037277329713106155,9
52,num__Count_OVD,0.04948132485151291,0.04948132485151291,16
52,num__Count_CC,0.0,0.0,3
52,num__Count_CL,0.0,0.0,5
52,num__ActBal_SA,0.04104429483413696,0.04104429483413696,12
52,num__ActBal_MF,0.04682902619242668,0.04682902619242668,4
52,num__ActBal_OVD,0.03717012703418732,0.03717012703418732,1
52,num__ActBal_CC,0.04092426970601082,0.04092426970601082,27
52,num__ActBal_CL,0.024990402162075043,0.024990402162075043,25
52,num__Age,0.04443144425749779,0.04443144425749779,15
52,num__Tenure,0.026508308947086334,0.026508308947086334,19
52,cat__Sex_M,0.04093676432967186,0.04093676432967186,20
8,num__VolumeCred,0.035244837403297424,0.03524484112858772,23
8,num__VolumeCred_CA,0.05265193432569504,0.052651941776275635,11
8,num__TransactionsCred,0.03206803277134895,0.03206803649663925,16
8,num__TransactionsCred_CA,0.03020142950117588,0.03020143322646618,2
8,num__VolumeDeb,0.04134400188922882,0.04134400561451912,18
8,num__VolumeDeb_CA,0.042869746685028076,0.042869750410318375,10
8,num__VolumeDebCash_Card,0.04475768283009529,0.04475768655538559,7
8,num__VolumeDebCashless_Card,0.04340478777885437,0.04340479150414467,21
8,num__VolumeDeb_PaymentOrder,0.0292299035936594,0.0292299073189497,8
8,num__TransactionsDeb,0.0450504794716835,0.0450504831969738,6
8,num__TransactionsDeb_CA,0.05868126451969147,0.058681271970272064,26
8,num__TransactionsDebCash_Card,0.038739513605833054,0.03873951733112335,5
8,num__TransactionsDebCashless_Card,0.03666483983397484,0.03666484355926514,24
8,num__TransactionsDeb_PaymentOrder,0.026023831218481064,0.026023834943771362,12
8,num__Count_CA,0.0,0.0,28
8,num__Count_SA,0.0529102124273777,0.0529102198779583,13
8,num__Count_MF,0.034443169832229614,0.03444317355751991,1
8,num__Count_OVD,0.046390507370233536,0.046390511095523834,17
8,num__Count_CC,0.0,0.0,27
8,num__Count_CL,0.0,0.0,3
8,num__ActBal_SA,0.043924037367105484,0.04392404109239578,4
8,num__ActBal_MF,0.0260002501308918,0.0260002538561821,9
8,num__ActBal_OVD,0.08789335191249847,0.08789335936307907,14
8,num__ActBal_CC,0.03959719091653824,0.03959719464182854,22
8,num__ActBal_CL,0.0,0.0,15
8,num__Age,0.04206328094005585,0.042063284665346146,19
8,num__Tenure,0.032418880611658096,0.032418884336948395,20
8,cat__Sex_M,0.03742671012878418,0.03742671385407448,25
26,num__VolumeCred,0.03441314399242401,0.03441314399242401,26
26,num__VolumeCred_CA,0.035968948155641556,0.035968948155641556,20
26,num__TransactionsCred,0.033178504556417465,0.033178504556417465,7
26,num__TransactionsCred_CA,0.029152337461709976,0.029152337461709976,18
26,num__VolumeDeb,0.03500812128186226,0.03500812128186226,22
26,num__VolumeDeb_CA,0.034267738461494446,0.034267738461494446,13
26,num__VolumeDebCash_Card,0.04338006675243378,0.04338006675243378,12
26,num__VolumeDebCashless_Card,0.03806160017848015,0.03806160017848015,8
26,num__VolumeDeb_PaymentOrder,0.03309105336666107,0.03309105336666107,17
26,num__TransactionsDeb,0.03244158998131752,0.03244158998131752,23
26,num__TransactionsDeb_CA,0.03654595464468002,0.03654595464468002,11
26,num__TransactionsDebCash_Card,0.03897601366043091,0.03897601366043091,24
26,num__TransactionsDebCashless_Card,0.04036836326122284,0.04036836326122284,2
26,num__TransactionsDeb_PaymentOrder,0.029310444369912148,0.029310444369912148,19
26,num__Count_CA,0.021465903148055077,0.021465903148055077,5
26,num__Count_SA,0.03323274850845337,0.03323274850845337,21
26,num__Count_MF,0.03754989802837372,0.03754989802837372,1
26,num__Count_OVD,0.04313121363520622,0.04313121363520622,6
26,num__Count_CC,0.03580525889992714,0.03580525889992714,27
26,num__Count_CL,0.043818846344947815,0.043818846344947815,16
26,num__ActBal_SA,0.03472152724862099,0.03472152724862099,3
26,num__ActBal_MF,0.04256744310259819,0.04256744310259819,9
26,num__ActBal_OVD,0.0370463989675045,0.0370463989675045,10
26,num__ActBal_CC,0.03628406673669815,0.03628406673669815,25
26,num__ActBal_CL,0.03045688383281231,0.03045688383281231,28
26,num__Age,0.04587521776556969,0.04587521776556969,14
26,num__Tenure,0.03368851915001869,0.03368851915001869,4
26,cat__Sex_M,0.030192237347364426,0.030192237347364426,15
19,num__VolumeCred,0.04697349667549133,0.04697349667549133,11
19,num__VolumeCred_CA,0.04281292110681534,0.04281292110681534,22
19,num__TransactionsCred,0.03218642249703407,0.03218642249703407,4
19,num__TransactionsCred_CA,0.057516299188137054,0.057516299188137054,21
19,num__VolumeDeb,0.04377524182200432,0.04377524182200432,26
19,num__VolumeDeb_CA,0.044759735465049744,0.044759735465049744,1
19,num__VolumeDebCash_Card,0.045562490820884705,0.045562490820884705,17
19,num__VolumeDebCashless_Card,0.044865138828754425,0.044865138828754425,7
19,num__VolumeDeb_PaymentOrder,0.036309871822595596,0.036309871822595596,18
19,num__TransactionsDeb,0.04004492610692978,0.04004492610692978,8
19,num__TransactionsDeb_CA,0.0720871314406395,0.0720871314406395,6
19,num__TransactionsDebCash_Card,0.03376084938645363,0.03376084938645363,5
19,num__TransactionsDebCashless_Card,0.03772474825382233,0.03772474825382233,2
19,num__TransactionsDeb_PaymentOrder,0.0280606672167778,0.0280606672167778,24
19,num__Count_CA,0.0,0.0,10
19,num__Count_SA,0.028515348210930824,0.028515348210930824,13
19,num__Count_MF,0.04644627496600151,0.04644627496600151,27
19,num__Count_OVD,0.04508322477340698,0.04508322477340698,9
19,num__Count_CC,0.0,0.0,12
19,num__Count_CL,0.0,0.0,3
19,num__ActBal_SA,0.05403805151581764,0.05403805151581764,28
19,num__ActBal_MF,0.05912370607256889,0.05912370607256889,16
19,num__ActBal_OVD,0.0,0.0,14
19,num__ActBal_CC,0.04159697890281677,0.04159697890281677,19
19,num__ActBal_CL,0.0,0.0,23
19,num__Age,0.051219601184129715,0.051219601184129715,25
19,num__Tenure,0.03744863346219063,0.03744863346219063,15
19,cat__Sex_M,0.030088219791650772,0.030088219791650772,20
11,num__VolumeCred,0.03963121399283409,0.03963121771812439,4
11,num__VolumeCred_CA,0.056649722158908844,0.05664972588419914,11
11,num__TransactionsCred,0.03351171314716339,0.03351171687245369,22
11,num__TransactionsCred_CA,0.07283783704042435,0.07283784449100494,26
11,num__VolumeDeb,0.037269674241542816,0.037269677966833115,7
11,num__VolumeDeb_CA,0.03928612545132637,0.03928612917661667,2
11,num__VolumeDebCash_Card,0.05836924910545349,0.05836925283074379,10
11,num__VolumeDebCashless_Card,0.0420345738530159,0.0420345775783062,13
11,num__VolumeDeb_PaymentOrder,0.036160681396722794,0.03616068512201309,21
11,num__TransactionsDeb,0.054237741976976395,0.05423774570226669,24
11,num__TransactionsDeb_CA,0.06066039577126503,0.06066039949655533,18
11,num__TransactionsDebCash_Card,0.03620399162173271,0.03620399534702301,8
11,num__TransactionsDebCashless_Card,0.05290098860859871,0.05290099233388901,1
11,num__TransactionsDeb_PaymentOrder,0.033833302557468414,0.03383330628275871,6
11,num__Count_CA,0.02500760182738304,0.02500760369002819,5
11,num__Count_SA,0.0,0.0,12
11,num__Count_MF,0.03210808336734772,0.032108087092638016,9
11,num__Count_OVD,0.04459981247782707,0.04459981620311737,14
11,num__Count_CC,0.0,0.0,3
11,num__Count_CL,0.0,0.0,27
11,num__ActBal_SA,0.04781424254179001,0.04781424626708031,17
11,num__ActBal_MF,0.05961177498102188,0.05961177870631218,15
11,num__ActBal_OVD,0.0,0.0,19
11,num__ActBal_CC,0.0449906587600708,0.0449906624853611,20
11,num__ActBal_CL,0.0,0.0,16
11,num__Age,0.059294093400239944,0.05929409712553024,23
11,num__Tenure,0.032986436039209366,0.032986439764499664,25
11,cat__Sex_M,0.0,0.0,28
43,num__VolumeCred,0.034624096006155014,0.034624092280864716,20
43,num__VolumeCred_CA,0.03725669905543327,0.037256695330142975,7
43,num__TransactionsCred,0.03192629665136337,0.031926292926073074,18
43,num__TransactionsCred_CA,0.032328225672245026,0.03232822194695473,26
43,num__VolumeDeb,0.03363025560975075,0.03363025188446045,13
43,num__VolumeDeb_CA,0.0353730246424675,0.0353730209171772,11
43,num__VolumeDebCash_Card,0.042210083454847336,0.04221007972955704,8
43,num__VolumeDebCashless_Card,0.037780825048685074,0.037780821323394775,21
43,num__VolumeDeb_PaymentOrder,0.03557262197136879,0.03557261824607849,2
43,num__TransactionsDeb,0.03640194609761238,0.03640194237232208,15
43,num__TransactionsDeb_CA,0.038363017141819,0.0383630134165287,17
43,num__TransactionsDebCash_Card,0.03380477428436279,0.033804770559072495,23
43,num__TransactionsDebCashless_Card,0.04096328839659691,0.04096328467130661,10
43,num__TransactionsDeb_PaymentOrder,0.03586528077721596,0.03586527705192566,22
43,num__Count_CA,0.03710795193910599,0.03710794821381569,14
43,num__Count_SA,0.0355631560087204,0.0355631522834301,9
43,num__Count_MF,0.03699500113725662,0.036994997411966324,16
43,num__Count_OVD,0.041242849081754684,0.041242845356464386,24
43,num__Count_CC,0.01625421643257141,0.016254214569926262,6
43,num__Count_CL,0.04464838281273842,0.04464837908744812,1
43,num__ActBal_SA,0.037393614649772644,0.037393610924482346,12
43,num__ActBal_MF,0.03636375069618225,0.03636374697089195,5
43,num__ActBal_OVD,0.03655680641531944,0.036556802690029144,27
43,num__ActBal_CC,0.03541174158453941,0.035411737859249115,4
43,num__ActBal_CL,0.030097169801592827,0.03009716607630253,3
43,num__Age,0.041136421263217926,0.04113641753792763,28
43,num__Tenure,0.03341905400156975,0.03341905027627945,25
43,cat__Sex_M,0.0317094586789608,0.0317094549536705,19
28,num__VolumeCred,0.048263587057590485,0.048263587057590485,11
28,num__VolumeCred_CA,0.04226415976881981,0.04226415976881981,10
28,num__TransactionsCred,0.026067020371556282,0.026067020371556282,22
28,num__TransactionsCred_CA,0.03518751636147499,0.03518751636147499,26
28,num__VolumeDeb,0.046408750116825104,0.046408750116825104,8
28,num__VolumeDeb_CA,0.042878907173871994,0.042878907173871994,7
28,num__VolumeDebCash_Card,0.051414910703897476,0.051414910703897476,21
28,num__VolumeDebCashless_Card,0.05354616791009903,0.05354616791009903,13
28,num__VolumeDeb_PaymentOrder,0.039041463285684586,0.039041463285684586,1
28,num__TransactionsDeb,0.05918723717331886,0.05918723717331886,5
28,num__TransactionsDeb_CA,0.05983348190784454,0.05983348190784454,17
28,num__TransactionsDebCash_Card,0.03593364357948303,0.03593364357948303,24
28,num__TransactionsDebCashless_Card,0.0492711216211319,0.0492711216211319,6
28,num__TransactionsDeb_PaymentOrder,0.03238625451922417,0.03238625451922417,2
28,num__Count_CA,0.0,0.0,9
28,num__Count_SA,0.029050981625914574,0.029050981625914574,27
28,num__Count_MF,0.04352474585175514,0.04352474585175514,12
28,num__Count_OVD,0.03532429039478302,0.03532429039478302,18
28,num__Count_CC,0.0,0.0,4
28,num__Count_CL,0.0,0.0,14
28,num__ActBal_SA,0.04957644268870354,0.04957644268870354,28
28,num__ActBal_MF,0.058277636766433716,0.058277636766433716,16
28,num__ActBal_OVD,0.0,0.0,3
28,num__ActBal_CC,0.04304506257176399,0.04304506257176399,19
28,num__ActBal_CL,0.0,0.0,23
28,num__Age,0.053591933101415634,0.053591933101415634,15
28,num__Tenure,0.03632621839642525,0.03632621839642525,25
28,cat__Sex_M,0.029598476365208626,0.029598476365208626,20
16,num__VolumeCred,0.05090474337339401,0.05090474337339401,28
16,num__VolumeCred_CA,0.07110151648521423,0.07110151648521423,13
16,num__TransactionsCred,0.05285736918449402,0.05285736918449402,18
16,num__TransactionsCred_CA,0.040500156581401825,0.040500156581401825,2
16,num__VolumeDeb,0.0,0.0,26
16,num__VolumeDeb_CA,0.0,0.0,7
16,num__VolumeDebCash_Card,0.06826833635568619,0.06826833635568619,23
16,num__VolumeDebCashless_Card,0.05306709185242653,0.05306709185242653,17
16,num__VolumeDeb_PaymentOrder,0.027378372848033905,0.027378372848033905,8
16,num__TransactionsDeb,0.043695513159036636,0.043695513159036636,3
16,num__TransactionsDeb_CA,0.0,0.0,1
16,num__TransactionsDebCash_Card,0.04786671698093414,0.04786671698093414,12
16,num__TransactionsDebCashless_Card,0.09884680807590485,0.09884680807590485,24
16,num__TransactionsDeb_PaymentOrder,0.0,0.0,10
16,num__Count_CA,0.0,0.0,4
16,num__Count_SA,0.0,0.0,9
16,num__Count_MF,0.057717811316251755,0.057717811316251755,27
16,num__Count_OVD,0.09437835961580276,0.09437835961580276,25
16,num__Count_CC,0.0,0.0,5
16,num__Count_CL,0.0,0.0,22
16,num__ActBal_SA,0.0,0.0,20
16,num__ActBal_MF,0.0,0.0,11
16,num__ActBal_OVD,0.058633990585803986,0.058633990585803986,19
16,num__ActBal_CC,0.046488817781209946,0.046488817781209946,6
16,num__ActBal_CL,0.0,0.0,16
16,num__Age,0.07076077163219452,0.07076077163219452,15
16,num__Tenure,0.011275728233158588,0.011275728233158588,21
16,cat__Sex_M,0.10625793784856796,0.10625793784856796,14
18,num__VolumeCred,0.039679959416389465,0.039679959416389465,22
18,num__VolumeCred_CA,0.04386300966143608,0.04386300966143608,26
18,num__TransactionsCred,0.031753912568092346,0.031753912568092346,7
18,num__TransactionsCred_CA,0.03490288928151131,0.03490288928151131,13
18,num__VolumeDeb,0.038106273859739304,0.038106273859739304,11
18,num__VolumeDeb_CA,0.038450632244348526,0.038450632244348526,24
18,num__VolumeDebCash_Card,0.04871312156319618,0.04871312156319618,2
18,num__VolumeDebCashless_Card,0.042355407029390335,0.042355407029390335,8
18,num__VolumeDeb_PaymentOrder,0.03718128800392151,0.03718128800392151,21
18,num__TransactionsDeb,0.03970849886536598,0.03970849886536598,10
18,num__TransactionsDeb_CA,0.04463677480816841,0.04463677480816841,1
18,num__TransactionsDebCash_Card,0.03575989603996277,0.03575989603996277,6
18,num__TransactionsDebCashless_Card,0.04751843959093094,0.04751843959093094,5
18,num__TransactionsDeb_PaymentOrder,0.03481900319457054,0.03481900319457054,17
18,num__Count_CA,0.0362514927983284,0.0362514927983284,9
18,num__Count_SA,0.025857605040073395,0.025857605040073395,15
18,num__Count_MF,0.03809129819273949,0.03809129819273949,12
18,num__Count_OVD,0.03567453473806381,0.03567453473806381,18
18,num__Count_CC,0.023875674232840538,0.023875674232840538,27
18,num__Count_CL,0.0,0.0,4
18,num__ActBal_SA,0.040024533867836,0.040024533867836,14
18,num__ActBal_MF,0.05141540244221687,0.05141540244221687,28
18,num__ActBal_OVD,0.027764854952692986,0.027764854952692986,3
18,num__ActBal_CC,0.0440012626349926,0.0440012626349926,23
18,num__ActBal_CL,0.0,0.0,16
18,num__Age,0.05096769705414772,0.05096769705414772,19
18,num__Tenure,0.035394709557294846,0.035394709557294846,25
18,cat__Sex_M,0.03323180601000786,0.03323180601000786,20
0,num__VolumeCred,0.03028836101293564,0.03028835728764534,18
0,num__VolumeCred_CA,0.03228456526994705,0.032284561544656754,13
0,num__TransactionsCred,0.03198205307126045,0.031982049345970154,26
0,num__TransactionsCred_CA,0.031311362981796265,0.031311359256505966,11
0,num__VolumeDeb,0.037794217467308044,0.037794213742017746,15
0,num__VolumeDeb_CA,0.036543890833854675,0.03654388710856438,10
0,num__VolumeDebCash_Card,0.03694983199238777,0.03694982826709747,21
0,num__VolumeDebCashless_Card,0.0385834202170372,0.0385834164917469,17
0,num__VolumeDeb_PaymentOrder,0.03375188261270523,0.03375187888741493,8
0,num__TransactionsDeb,0.03924217075109482,0.03924216702580452,22
0,num__TransactionsDeb_CA,0.04404592886567116,0.04404592514038086,5
0,num__TransactionsDebCash_Card,0.037336643785238266,0.03733664005994797,12
0,num__TransactionsDebCashless_Card,0.046515461057424545,0.04651545733213425,23
0,num__TransactionsDeb_PaymentOrder,0.03171951696276665,0.03171951323747635,7
0,num__Count_CA,0.03997993469238281,0.039979930967092514,6
0,num__Count_SA,0.03572770580649376,0.03572770208120346,16
0,num__Count_MF,0.03870048373937607,0.03870048001408577,24
0,num__Count_OVD,0.05140349268913269,0.051403485238552094,27
0,num__Count_CC,0.00793643668293953,0.007936435751616955,9
0,num__Count_CL,0.030135702341794968,0.03013569861650467,2
0,num__ActBal_SA,0.0391182005405426,0.039118196815252304,3
0,num__ActBal_MF,0.038441505283117294,0.038441501557826996,14
0,num__ActBal_OVD,0.03714687377214432,0.03714687004685402,28
0,num__ActBal_CC,0.035311009734869,0.035311006009578705,4
0,num__ActBal_CL,0.026146937161684036,0.026146933436393738,1
0,num__Age,0.045076556503772736,0.04507655277848244,20
0,num__Tenure,0.03499537706375122,0.03499537333846092,25
0,cat__Sex_M,0.03153053671121597,0.031530532985925674,19
20,num__VolumeCred,0.040499623864889145,0.040499623864889145,11
20,num__VolumeCred_CA,0.042402222752571106,0.042402222752571106,18
20,num__TransactionsCred,0.03212554380297661,0.03212554380297661,26
20,num__TransactionsCred_CA,0.04075409471988678,0.04075409471988678,13
20,num__VolumeDeb,0.04181082919239998,0.04181082919239998,22
20,num__VolumeDeb_CA,0.03670494258403778,0.03670494258403778,21
20,num__VolumeDebCash_Card,0.046142347157001495,0.046142347157001495,7
20,num__VolumeDebCashless_Card,0.043264955282211304,0.043264955282211304,15
20,num__VolumeDeb_PaymentOrder,0.04088312014937401,0.04088312014937401,8
20,num__TransactionsDeb,0.036558378487825394,0.036558378487825394,2
20,num__TransactionsDeb_CA,0.05877101421356201,0.05877101421356201,17
20,num__TransactionsDebCash_Card,0.03828263282775879,0.03828263282775879,14
20,num__TransactionsDebCashless_Card,0.04782223328948021,0.04782223328948021,24
20,num__TransactionsDeb_PaymentOrder,0.042241573333740234,0.042241573333740234,5
20,num__Count_CA,0.044838860630989075,0.044838860630989075,9
20,num__Count_SA,0.025199608877301216,0.025199608877301216,4
20,num__Count_MF,0.04235246777534485,0.04235246777534485,1
20,num__Count_OVD,0.04851807281374931,0.04851807281374931,27
20,num__Count_CC,0.0,0.0,12
20,num__Count_CL,0.0,0.0,6
20,num__ActBal_SA,0.046261053532361984,0.046261053532361984,10
20,num__ActBal_MF,0.04766983911395073,0.04766983911395073,3
20,num__ActBal_OVD,0.0,0.0,28
20,num__ActBal_CC,0.042038142681121826,0.042038142681121826,16
20,num__ActBal_CL,0.0,0.0,19
20,num__Age,0.0483500100672245,0.0483500100672245,20
20,num__Tenure,0.03913198038935661,0.03913198038935661,23
20,cat__Sex_M,0.027376389130949974,0.027376389130949974,25
